Team,W,L,SRS,Pace,ORtg,Season,Coach,Coach_ID
abilene christian,16,16,-5.84,71.1,98.6,2024,Brette Tanner,1_Brette_Tanner
air force,4,28,-8.07,64.7,95,2024,Joe Scott,2_Joe_Scott
akron ,28,7,3.22,72.5,115.4,2024,John Groce,3_John_Groce
alabama ,28,9,25.54,76,118.5,2024,Nate Oats,5_Nate_Oats
alabama a&m,10,22,-20.52,73,98.4,2024,Otis Hughley Jr.,4_Otis_Hughley_Jr.
alabama state ,20,16,-8.99,69.5,104.7,2024,Tony Madlock,267_Tony_Madlock
albany ,17,16,-9.75,68.7,107.5,2024,Dwayne Killings,306_Dwayne_Killings
alcorn state,11,21,-14.06,66.3,97.7,2024,Landon Bussie,7_Landon_Bussie
american ,22,13,-7.64,64.4,105.2,2024,Duane Simpkins,
appalachian state,17,14,-2.59,64.5,104.7,2024,Dustin Kerns,9_Dustin_Kerns
arizona ,24,13,22.94,70.4,116.3,2024,Tommy Lloyd,11_Tommy_Lloyd
arizona state,13,20,10.62,70.1,104.4,2024,Bobby Hurley,10_Bobby_Hurley
arkansas ,22,14,17.09,70.3,108.5,2024,John Calipari *,135_John_Calipari_*
arkansas state,25,11,5.81,70.4,111.9,2024,Bryan Hodgson,
arkansas-pine bluff,6,25,-24.34,73.1,99,2024,Solomon Bozeman,14_Solomon_Bozeman
army,17,16,-12.11,67.7,105.7,2024,Kevin Kuwik,
auburn ,32,6,28.68,69.2,119.6,2024,Bruce Pearl,16_Bruce_Pearl
austin peay,14,19,-9.57,67.2,105.3,2024,Corey Gipson,211_Corey_Gipson
ball state,14,17,-7.95,69,108.4,2024,Michael Lewis,19_Michael_Lewis
baylor ,20,15,18.77,65.8,113.6,2024,Scott Drew,20_Scott_Drew
bellarmine,5,26,-15.26,67.6,106.6,2024,Scott Davenport,21_Scott_Davenport
belmont,22,11,1.94,70.4,112.2,2024,Casey Alexander,22_Casey_Alexander
bethune-cookman,17,16,-10.22,69.6,98.6,2024,Reggie Theus,23_Reggie_Theus
binghamton,15,17,-13.5,66.8,103.2,2024,Levell Sanders,24_Levell_Sanders
boise state,26,11,13.86,66.3,113.9,2024,Leon Rice,25_Leon_Rice
boston college,12,19,-0.25,66.8,102.4,2024,Earl Grant,26_Earl_Grant
boston university,16,16,-11,64.1,103.1,2024,Joe Jones,27_Joe_Jones
bowling green state,14,18,-9.53,70.1,104.8,2024,Todd Simon,276_Todd_Simon
bradley,28,9,6.4,66.4,113.3,2024,Brian Wardle,29_Brian_Wardle
byu,26,10,19.07,68.1,117.6,2024,Kevin Young,
brown,14,13,-5.21,67.4,105.7,2024,Mike Martin,30_Mike_Martin
bryant ,23,12,-1.99,73.4,111,2024,Phil Martelli Jr.,
bucknell,18,15,-5.35,67.4,105,2024,John Griffin III,
buffalo,9,22,-15.16,73.3,98,2024,George Halcovage III,
butler,15,20,10.03,67.6,110.2,2024,Thad Matta,34_Thad_Matta
cal poly,16,19,-2.47,75,107.9,2024,Mike DeGeorge,
cal state bakersfield,14,19,-5.93,67.6,108.3,2024,Rod Barnes,36_Rod_Barnes
cal state fullerton,6,26,-15.96,68.8,92,2024,Dedrique Taylor,37_Dedrique_Taylor
cal state northridge,22,11,1.83,72.8,109.9,2024,Andy Newman,
california,14,19,5.48,67.8,108.1,2024,Mark Madsen,332_Mark_Madsen
california baptist,17,15,-1.13,67.5,104.4,2024,Rick Croy,39_Rick_Croy
campbell,15,17,-5.39,66.5,105.1,2024,Kevin McGeehan,41_Kevin_McGeehan
canisius,3,28,-19.26,66.2,97.8,2024,Jim Christian,
central arkansas,9,24,-15.16,67.9,101.1,2024,John Shulman,
central connecticut state,25,7,-4.47,66.5,108.2,2024,Patrick Sellers,44_Patrick_Sellers
central michigan,14,17,-4.51,69.6,107.7,2024,Tony Barbee,45_Tony_Barbee
charleston southern,10,22,-11.12,69.6,102.3,2024,Saah Nimley,
charlotte,11,22,-5.45,65.4,105.8,2024,Aaron Fearne,48_Aaron_Fearne
chattanooga,29,9,2.37,67.4,115.6,2024,Dan Earl,334_Dan_Earl
chicago state,4,28,-21.12,69,90,2024,Scott Spinelli,
cincinnati,19,16,14.23,66.6,106.9,2024,Wes Miller,51_Wes_Miller
clemson ,27,7,17.81,65,114.4,2024,Brad Brownell,52_Brad_Brownell
cleveland state,23,13,-1.55,66.7,109.1,2024,Daniyal Robinson,53_Daniyal_Robinson
coastal carolina,10,22,-12.13,64.4,103.2,2024,Justin Gray,348_Justin_Gray
colgate,14,19,-7.71,66.9,106.9,2024,Matt Langel,55_Matt_Langel
college of charleston,24,9,-0.6,70.3,108.3,2024,Chris Mack,
colorado,14,21,9.62,68.2,101.6,2024,Tad Boyle,56_Tad_Boyle
colorado state ,26,10,13.94,66.3,112.3,2024,Niko Medved,57_Niko_Medved
columbia,12,15,-9.18,71.2,110.1,2024,Jim Engles,58_Jim_Engles
uconn,24,11,17.87,64.6,117.6,2024,Dan Hurley,314_Dan_Hurley
coppin state,6,24,-21.26,69.2,89.5,2024,Larry Stewart,
cornell,18,11,0.91,72.2,117.8,2024,Jon Jaques,
creighton ,25,11,16.49,67.7,110.7,2024,Greg McDermott,61_Greg_McDermott
dartmouth,14,14,-4.74,71.9,107.1,2024,David McLaughlin,62_David_McLaughlin
davidson,17,16,1.02,66.6,109,2024,Matt McKillop,63_Matt_McKillop
dayton,23,11,8.14,66.1,112.4,2024,Anthony Grant,64_Anthony_Grant
delaware,16,20,-6.11,70.4,109.7,2024,Martin Ingelsby,66_Martin_Ingelsby
delaware state,16,14,-12.24,71.8,108.7,2024,Stan Waterman,67_Stan_Waterman
denver,11,21,-10.4,68.7,103.7,2024,Jeff Wulbrun,68_Jeff_Wulbrun
depaul,14,20,5.3,67.7,104.7,2024,Chris Holtmann,216_Chris_Holtmann
detroit mercy,8,24,-13.46,67.7,97.6,2024,Mark Montgomery,
drake ,31,4,9.6,60.2,114,2024,Ben McCollum,
drexel,18,15,-3.64,64.2,107.6,2024,Zach Spiker,71_Zach_Spiker
duke ,35,4,30.72,66.6,125,2024,Jon Scheyer,72_Jon_Scheyer
duquesne,13,19,1.18,65.4,104.8,2024,Dru Joyce III,
east carolina,19,14,-0.69,68,109.4,2024,Michael Schwartz,74_Michael_Schwartz
east tennessee state,19,13,-1.07,66.1,108.7,2024,Brooks Savage,
east texas a&m,5,26,-12.38,67.8,94.5,2024,Jaret von Rosenberg,76_Jaret_von_Rosenberg
eastern illinois,12,19,-12.62,67.9,97.2,2024,Marty Simmons,77_Marty_Simmons
eastern kentucky,18,14,-3.86,68.7,111.5,2024,A.W. Hamilton,78_A.W._Hamilton
eastern michigan,16,16,-9.21,68.3,106.8,2024,Stan Heath,79_Stan_Heath
eastern washington,10,22,-8.85,68.4,104.3,2024,Dan Monson,145_Dan_Monson
elon,17,16,-4.32,66.2,110.9,2024,Billy Taylor,81_Billy_Taylor
evansville,11,21,-6.02,67.1,98.4,2024,David Ragland,82_David_Ragland
fairfield,12,20,-14.52,66.7,100.9,2024,Chris Casey,
fdu,13,20,-11.96,69.2,104.9,2024,Jack Castleberry,
florida ,36,4,27.78,70.6,120.1,2024,Todd Golden,259_Todd_Golden
florida a&m,14,17,-13.37,69.3,104.1,2024,Patrick Crarey II,
florida atlantic,18,16,3.72,69.8,111.6,2024,John Jakus,
florida gulf coast,19,15,-2.89,65.6,110,2024,Patrick Chambers,88_Patrick_Chambers
florida international,10,23,-6.72,69.6,98,2024,Jeremy Ballard,89_Jeremy_Ballard
florida state,17,15,8.43,70.2,105.6,2024,Leonard Hamilton *,90_Leonard_Hamilton_*
fordham,12,21,-4.44,70.5,104.2,2024,Keith Urgo *,91_Keith_Urgo
fresno state,6,26,-5.6,70.7,97.3,2024,Vance Walberg,
furman,25,10,-0.15,67,113.9,2024,Bob Richey,93_Bob_Richey
gardner-webb,11,20,-8.21,70.2,105.1,2024,Jeremy Luther,
george mason,27,9,7.2,65.3,106.9,2024,Tony Skinn,
george washington,21,13,2,67.5,107.2,2024,Chris Caputo,96_Chris_Caputo
georgetown,18,16,8.18,68.4,105.2,2024,Ed Cooley,235_Ed_Cooley
georgia ,20,13,16.36,68.6,109.8,2024,Michael White,87_Michael_White
georgia southern,17,16,-7.53,70,104.4,2024,Charlie Henry,
georgia state,14,19,-7.51,69.8,107.3,2024,Jonas Hayes,100_Jonas_Hayes
georgia tech,17,17,6.3,69,104.4,2024,Damon Stoudamire,
gonzaga ,26,9,23.75,70.4,121.5,2024,Mark Few,102_Mark_Few
grambling,12,22,-12.44,67,99,2024,Donte Jackson,103_Donte_Jackson
grand canyon ,26,8,4.97,72.5,107.5,2024,Bryce Drew,104_Bryce_Drew
green bay,4,28,-13.21,69,100.9,2024,Doug Gottlieb,
hampton,17,16,-5.21,67,107.8,2024,Ivan Thomas,
harvard,12,15,-7.89,66.7,102.1,2024,Tommy Amaker,107_Tommy_Amaker
hawaii,15,16,-3.57,66.7,104.2,2024,Eran Ganot,108_Eran_Ganot
high point ,29,6,5.3,67.1,121.3,2024,Alan Huss,
hofstra,15,18,-4.97,64.9,101.2,2024,Speedy Claxton,110_Speedy_Claxton
holy cross,13,19,-12.54,66.2,104.3,2024,Dave Paulsen,
houston ,35,5,28.45,62.4,116.2,2024,Kelvin Sampson,113_Kelvin_Sampson
houston christian,12,20,-8.17,65.3,101,2024,Craig Doty,
howard,12,20,-12.02,71.5,107.5,2024,Kenneth Blakeney,114_Kenneth_Blakeney
idaho,14,19,-8,67.1,109.3,2024,Alex Pribble,
idaho state,15,15,-3.95,66.7,110.9,2024,Ryan Looney,116_Ryan_Looney
illinois ,22,13,21.59,72.3,114.8,2024,Brad Underwood *,118_Brad_Underwood_*
illinois state,22,14,1.91,66.1,114.2,2024,Ryan Pedon,119_Ryan_Pedon
illinois-chicago,17,14,-0.63,69.1,108.2,2024,Rob Ehsan,
incarnate word,19,17,-5.61,65.4,112.1,2024,Shane Heirman,
indiana,19,13,14.63,69.1,107.7,2024,Mike Woodson,121_Mike_Woodson
indiana state,14,18,-3.15,72.4,109.4,2024,Matthew Graves,
iona,17,17,-8.58,68.6,100.9,2024,Tobin Anderson,84_Tobin_Anderson
iowa,17,16,12.85,71.4,115.1,2024,Fran McCaffery,124_Fran_McCaffery
iowa state ,25,10,22.33,69.4,114.1,2024,T.J. Otzelberger,125_T.J._Otzelberger
iu indy,10,22,-11.52,66.8,112,2024,Paul Corsaro,
jackson state,16,18,-9.39,70.1,100.4,2024,Mo Williams,6_Mo_Williams
jacksonville,19,14,-4.29,68.7,104.5,2024,Jordan Mincy,127_Jordan_Mincy
jacksonville state,23,13,1.76,66,110.9,2024,Ray Harper,128_Ray_Harper
james madison,20,12,-1.72,65.9,111.2,2024,Preston Spradlin,181_Preston_Spradlin
kansas ,21,13,20.09,69.2,108.7,2024,Bill Self,131_Bill_Self
kansas city,13,20,-5.66,66.3,109.1,2024,Marvin Menzies,130_Marvin_Menzies
kansas state,16,17,10.89,67.9,103.9,2024,Jerome Tang,132_Jerome_Tang
kennesaw state,19,14,0.5,71.6,106.1,2024,Antoine Pettway,
kent state,24,12,1.42,67.7,108.2,2024,Rob Senderoff,134_Rob_Senderoff
kentucky ,24,12,21.26,72.2,116.5,2024,Mark Pope,18_Mark_Pope
la salle,14,19,-3.64,69.6,103.1,2024,Fran Dunphy,137_Fran_Dunphy
lafayette,13,20,-10.19,65.9,102.8,2024,Mike McGarvey,138_Mike_Jordan
lamar,20,13,-2.17,66.8,104.2,2024,Alvin Brooks,139_Alvin_Brooks
le moyne,9,23,-17.81,69,104.6,2024,Nate Champion,
lehigh,11,19,-10.29,67.3,103.6,2024,Brett Reed,141_Brett_Reed
liberty ,28,7,7.42,67.1,112.7,2024,Ritchie McKay,142_Ritchie_McKay
lindenwood,16,17,-13.17,70.6,99.3,2024,Kyle Gerdeman,366_Kyle_Gerdeman
lipscomb ,25,10,4.39,68,115.2,2024,Lennie Acuff,143_Lennie_Acuff
little rock,19,14,-6.86,68.1,101.1,2024,Darrell Walker,144_Darrell_Walker
long beach state,7,25,-10.29,65.9,100.8,2024,Chris Acker,
long island university,17,16,-10.97,65.5,101.5,2024,Rod Strickland,146_Rod_Strickland
longwood,18,14,-4.63,70.6,110.8,2024,Griff Aldrich,147_Griff_Aldrich
louisiana,12,21,-10.7,66.7,97.4,2024,Derrick Zimmerman,
louisiana state,14,18,9.93,69.5,105,2024,Matt McMahon,184_Matt_McMahon
louisiana tech,20,12,1.45,66.6,109.1,2024,Talvin Hester,149_Talvin_Hester
ul monroe,7,25,-15.1,68.7,99.6,2024,Keith Richard,316_Keith_Richard
louisville ,27,8,18.49,69,113.3,2024,Pat Kelsey,46_Pat_Kelsey
loyola (il),25,12,3.41,67.4,108,2024,Drew Valentine,151_Drew_Valentine
loyola (md),12,19,-11.85,67,102.8,2024,Josh Loeffler,
loyola marymount,17,15,1.2,68.7,103.6,2024,Stan Johnson,153_Stan_Johnson
maine,20,14,-6.58,67.1,105.2,2024,Chris Markwood,154_Chris_Markwood
manhattan,17,14,-7.67,67.5,110.8,2024,John Gallagher,
marist,20,10,-8.95,64.2,101.5,2024,John Dunne,156_John_Dunne
marquette ,23,11,18.19,68.1,111.6,2024,Shaka Smart,157_Shaka_Smart
marshall,20,13,-2.26,69.2,109,2024,Cornelius Jackson,
maryland ,27,9,23.33,70.4,114.8,2024,Kevin Willard,263_Kevin_Willard
maryland-baltimore county,13,19,-11.56,71.6,110,2024,Jim Ferry,317_Jim_Ferry
maryland-eastern shore,6,25,-20.65,68.7,98.2,2024,Cleo Hill Jr.,
massachusetts,12,20,-3.08,71,101.2,2024,Frank Martin,266_Frank_Martin
massachusetts-lowell,17,15,-7.64,70.3,112.2,2024,Pat Duquette,318_Pat_Duquette
mcneese,28,7,9.14,66.4,115.3,2024,Will Wade,162_Will_Wade
memphis ,29,6,12.15,71.2,111,2024,Anfernee Hardaway,163_Anfernee_Hardaway
mercer,14,19,-8.44,72.4,103.9,2024,Ryan Ridder,325_Ryan_Ridder
mercyhurst,15,16,-15.65,65.4,102.6,2024,Gary Manchel,
merrimack,18,15,-4.65,64.7,100.7,2024,Joe Gallo,166_Joe_Gallo
miami (fl),7,24,0.38,67.6,108.6,2024,Jim Larranaga,168_Jim_Larranaga
miami (oh),25,9,-0.92,70.6,113.8,2024,Travis Steele,359_Travis_Steele
michigan ,27,10,20.21,70.7,109.5,2024,Dusty May,86_Dusty_May
michigan state ,30,7,22.43,69,112.3,2024,Tom Izzo,169_Tom_Izzo
middle tennessee,22,12,2.52,69.2,108.1,2024,Nick McDevitt,171_Nick_McDevitt
milwaukee,21,11,0.35,69.9,111.4,2024,Bart Lundy,172_Bart_Lundy
minnesota,15,17,8.48,63.8,104.6,2024,Ben Johnson,173_Ben_Johnson
mississippi ,24,12,18.28,69.2,110.8,2024,Chris Beard,295_Chris_Beard
mississippi state ,21,13,17.14,69.6,113,2024,Chris Jans,192_Chris_Jans
mississippi valley state,3,28,-34.6,66.6,81.3,2024,George Ivory,175_George_Ivory
missouri ,22,12,19.49,69.8,119.4,2024,Dennis Gates,53_Dennis_Gates
missouri state,9,23,-3.94,64.6,102.4,2024,Cuonzo Martin,177_Cuonzo_Martin
monmouth,13,20,-8.14,67.3,103.3,2024,King Rice,178_King_Rice
montana ,25,10,-1.45,68,112.3,2024,Travis DeCuire,179_Travis_DeCuire
montana state,15,18,-2.77,66.7,106.6,2024,Matt Logie,
morehead state,15,17,-13.65,65.8,100.2,2024,Jonathan Mattox,
morgan state,14,18,-15.13,73,108.2,2024,Kevin Broadus,182_Kevin_Broadus
mount st. mary's ,23,13,-7.91,68,101.7,2024,Donny Lind,
murray state,16,17,0.81,65.8,106.7,2024,Steve Prohm,184_Steve_Prohm
navy,15,19,-9.9,66.8,105.5,2024,Ed DeChellis,187_Ed_DeChellis
nc state,12,19,5.56,65.8,105.4,2024,Kevin Keatts,185_Kevin_Keatts
nebraska,21,14,13.86,69,108.5,2024,Fred Hoiberg,188_Fred_Hoiberg
nevada,17,16,9.44,64.9,110.6,2024,Steve Alford,189_Steve_Alford
nevada-las vegas,18,15,6.65,66,104.9,2024,Kevin Kruger,322_Kevin_Kruger
new hampshire,8,24,-19.8,69,96.2,2024,Nathan Davis,32_Nathan_Davis
new mexico ,27,8,15.2,72.8,109.9,2024,Richard Pitino,191_Richard_Pitino
new mexico state,17,15,0.86,67.1,103.4,2024,Jason Hooten,255_Jason_Hooten
new orleans,4,27,-15.16,69.5,96.9,2024,Stacy Hollowell,
niagara,11,20,-12.79,65.2,103.7,2024,Greg Paulus,194_Greg_Paulus
nicholls state,20,13,-2.13,68.9,106.6,2024,Tevon Saddler,
njit,6,25,-17.92,67.1,96.8,2024,Grant Billmeier,
norfolk state ,24,11,-3.72,68.2,112.2,2024,Robert Jones,196_Robert_Jones
north alabama,24,11,1.02,67.7,115.4,2024,Tony Pujol,197_Tony_Pujol
north carolina ,23,14,17.27,70.7,113.4,2024,Hubert Davis,200_Hubert_Davis
north carolina a&t,7,25,-13.28,69.5,99.5,2024,Monte Ross,
north carolina central,14,19,-12.91,70.3,110.3,2024,LeVelle Moton,199_LeVelle_Moton
north dakota,12,21,-7.39,70.4,109.8,2024,Paul Sather,201_Paul_Sather
north dakota state,21,11,1.11,66.4,120.2,2024,David Richman,202_David_Richman
north florida,15,17,-8.48,73.2,111.9,2024,Matthew Driscoll,203_Matthew_Driscoll
north texas,27,9,7.7,61.4,110.7,2024,Ross Hodge,
northeastern,17,15,-4.64,67.1,104.4,2024,Bill Coen,205_Bill_Coen
northern arizona,18,16,-6.53,68,111.6,2024,Shane Burcar,206_Shane_Burcar
northern colorado,25,10,1.1,68.8,116,2024,Steve Smiley,207_Steve_Smiley
northern illinois,6,25,-16.6,70.9,98.9,2024,Rashon Burno,208_Rashon_Burno
northern iowa,20,13,5.24,65.7,111.1,2024,Ben Jacobson,209_Ben_Jacobson
northern kentucky,17,16,-4.79,67.4,104.9,2024,Darrin Horn,210_Darrin_Horn
northwestern,17,16,14.4,66.1,107.9,2024,Chris Collins,212_Chris_Collins
northwestern state,16,16,-5.07,64.8,102.7,2024,Rick Cabrera,
notre dame,15,18,7.07,65.4,108.2,2024,Micah Shrewsberry,226_Micah_Shrewsberry
oakland,16,18,-2.67,64.6,106.9,2024,Greg Kampe,214_Greg_Kampe
ohio,16,16,-2.63,71.6,110.6,2024,Jeff Boals,215_Jeff_Boals
ohio state,17,15,17.86,68.5,112.4,2024,Jake Diebler,
oklahoma ,20,14,14.86,69.9,112,2024,Porter Moser,217_Porter_Moser
oklahoma state,17,18,6.89,71.9,101.5,2024,Steve Lutz,294_Steve_Lutz
old dominion,15,20,-9.71,66.2,101.8,2024,Mike Jones,320_Mike_Jones
omaha ,22,13,-1.61,69.1,112,2024,Chris Crutchfield,221_Chris_Crutchfield
oral roberts,7,23,-11.71,68.3,106.9,2024,Russell Springmann,
oregon ,25,10,18,68.7,110.2,2024,Dana Altman,
oregon state,20,13,8.62,65.1,115.8,2024,Wayne Tinkle,
pacific,9,24,-7.11,68.2,101.3,2024,Dave Smart,
penn state,16,15,13.57,71,111.4,2024,Mike Rhoades,333_Mike_Rhoades
pennsylvania,8,19,-10.56,67.5,102.6,2024,Steve Donahue,227_Steve_Donahue
pepperdine,13,22,-2.82,69.5,105.3,2024,Ed Schilling,
pittsburgh,17,15,13.27,66.8,112.6,2024,Jeff Capel III *,229_Jeff_Capel_III_*
portland,12,20,-7.29,69.5,103.4,2024,Shantay Legans,230_Shantay_Legans
portland state,19,13,-4.41,69.9,107.6,2024,Jase Coburn,231_Jase_Coburn
prairie view,5,27,-19.3,71.7,99.6,2024,Byron Smith,232_Byron_Smith
presbyterian,14,19,-6.68,66.5,110.4,2024,Quinton Ferrell,233_Quinton_Ferrell
princeton,19,11,-2.85,68.6,107.4,2024,Mitch Henderson,234_Mitch_Henderson
providence,12,20,7.17,66.6,106.6,2024,Kim English,95_Kim_English
purdue ,24,12,20.8,66.2,116.8,2024,Matt Painter,236_Matt_Painter
purdue fort wayne,19,13,-1,70.5,113.2,2024,Jon Coffman,237_Jon_Coffman
queens (nc),20,15,-5.41,69.7,108.9,2024,Grant Leonard,
quinnipiac,20,13,-5.94,71.6,102.9,2024,Tom Pecora,
radford,20,13,-2.72,64.9,113.1,2024,Darris Nichols,239_Darris_Nichols
rhode island,18,13,1.06,71.2,108.3,2024,Archie Miller,240_Archie_Miller
rice,13,19,-2.08,65.9,105.8,2024,Rob Lanier,100_Rob_Lanier
richmond,10,22,-5.48,64.8,100.7,2024,Chris Mooney,242_Chris_Mooney
rider,14,19,-12.06,65.3,102.6,2024,Kevin Baggett,243_Kevin_Baggett
robert morris ,26,9,0.4,68.8,109.8,2024,Andrew Toole,244_Andrew_Toole
rutgers,15,17,10.41,69.4,108.8,2024,Steve Pikiell,245_Steve_Pikiell
sacramento state,7,25,-14.1,66.1,100.2,2024,Michael Czepil,
sacred heart,15,18,-9,70,107.8,2024,Anthony Latina,250_Anthony_Latina
saint francis (pa) ,16,18,-12.76,67.1,104,2024,Rob Krimmel,
saint joseph's,22,13,7.28,68.4,109,2024,Billy Lange,251_Billy_Lange
saint louis,19,15,3.04,68.5,107.8,2024,Josh Schertz,122_Josh_Schertz
saint mary's (ca) ,29,6,17.43,63.7,113.6,2024,Randy Bennett,253_Randy_Bennett
saint peter's,12,16,-10.64,65,100.6,2024,Bashir Mason,341_Bashir_Mason
sam houston,13,19,-2.86,69.1,107.8,2024,Chris Mudge,
samford,22,11,1.13,71.8,114.5,2024,Bucky McMillan,256_Bucky_McMillan
san diego,6,27,-8.37,71.6,98,2024,Steve Lavin,258_Steve_Lavin
san diego state ,21,10,12.77,66.4,105.8,2024,Brian Dutcher,257_Brian_Dutcher
san francisco,25,10,10.46,69,109.7,2024,Chris Gerlufsen,259_Chris_Gerlufsen
san jose state,15,20,0.5,67.1,106.3,2024,Tim Miles,260_Tim_Miles
santa clara,21,13,13.22,70.1,115.7,2024,Herb Sendek,261_Herb_Sendek
seattle,14,18,-0.21,67.9,103.7,2024,Chris Victor,262_Chris_Victor
seton hall,7,25,-0.26,64.7,94,2024,Shaheen Holloway,254_Shaheen_Holloway
siena,14,18,-7.46,67.6,105.2,2024,Gerry McNamara,
south alabama,21,11,1.52,64.2,110.9,2024,Richie Riley,265_Richie_Riley
south carolina,12,20,9.89,66.8,103.7,2024,Lamont Paris,49_Lamont_Paris
south carolina state,20,13,-4.62,71.5,110.3,2024,Erik Martin,267_Erik_Martin
south carolina upstate,6,26,-15.67,74.1,100.9,2024,Marty Richter,
south dakota,19,14,-5.69,74.7,114.1,2024,Eric Peterson,269_Eric_Peterson
south dakota state,20,12,2.15,69.7,114.2,2024,Eric Henderson,270_Eric_Henderson
south florida,13,19,-2.15,69.7,105.9,2024,Ben Fletcher,
southeast missouri state,21,12,-4.84,69.7,105.4,2024,Brad Korn,272_Brad_Korn
southeastern louisiana,18,14,-4,67.5,106.7,2024,David Kiefer,246_David_Kiefer
southern,20,12,-6.83,70.6,105.1,2024,Kevin Johnson,
southern california,17,18,12.97,69,110.4,2024,Eric Musselman,12_Eric_Musselman
southern illinois,14,19,-2.22,68.4,105.7,2024,Scott Nagy,357_Scott_Nagy
siu edwardsville ,22,12,-6.12,67.7,105,2024,Brian Barone,247_Brian_Barone
southern indiana,10,20,-13.86,68.5,103,2024,Stan Gouard,365_Stan_Gouard
southern methodist,24,11,14.35,69.3,115.3,2024,Andy Enfield,
southern mississippi,11,22,-9.91,71.4,99,2024,Jay Ladner,275_Jay_Ladner
southern utah,12,19,-10.63,70.8,98.5,2024,Rob Jeter,349_Rob_Jeter
st. bonaventure,22,12,2.92,65.3,104.7,2024,Mark Schmidt,277_Mark_Schmidt
st. john's   ,31,5,21.25,70.1,110.3,2024,Rick Pitino *,123_Rick_Pitino_*
st. thomas,24,10,1.01,69.8,118.8,2024,John Tauer,280_John_Tauer
stanford,21,14,8.78,67.1,109.4,2024,Kyle Smith,
stephen f. austin,14,17,-8.01,68.2,96.5,2024,Kyle Keller *,282_Kyle_Keller_*
stetson,8,24,-16.7,69.5,102.4,2024,Donnie Jones *,283_Donnie_Jones_*
stonehill,15,17,-13.12,66.3,103.7,2024,Chris Kraus,284_Chris_Kraus
stony brook,8,24,-13.84,64.9,102.5,2024,Geno Ford,285_Geno_Ford
syracuse,14,19,4.95,68.7,106.3,2024,Adrian Autry,
tarleton state,12,20,-10.31,68.5,92.4,2024,Billy Gillispie,288_Billy_Gillispie
tcu,16,16,10.49,67.1,100.3,2024,Jamie Dixon,287_Jamie_Dixon
temple,17,15,-0.24,69.4,110.9,2024,Adam Fisher,
tennessee ,30,8,24.2,64.9,114,2024,Rick Barnes,292_Rick_Barnes
tennessee state,17,16,-8.01,71.6,106.6,2024,Brian Collins,290_Brian_Collins
tennessee tech,15,17,-11.09,69,103.8,2024,John Pelphrey,291_John_Pelphrey
tennessee-martin,14,19,-11.18,68,107,2024,Jeremy Shulman,
texas ,19,16,15.65,68.4,113.1,2024,Rodney Terry,295_Chris_Beard
texas a&m ,23,11,19.3,67.8,109.2,2024,Buzz Williams,293_Buzz_Williams
texas a&m-corpus christi,20,14,-0.99,68.5,110.5,2024,Jim Shaw,
texas southern,15,17,-10.27,71.6,100.7,2024,Johnny Jones,296_Johnny_Jones
texas state,16,16,-3.6,67.2,110.9,2024,Terrence Johnson,297_Terrence_Johnson
texas tech ,28,9,23.05,66.5,119.5,2024,Grant McCasland,204_Grant_McCasland
texas-rio grande valley,16,15,-6.05,71.5,107.4,2024,Kahil Fennell,
the citadel,5,25,-18.37,66.3,99.1,2024,Ed Conroy,299_Ed_Conroy
toledo,18,15,-6.03,69.6,113,2024,Tod Kowalczyk,300_Tod_Kowalczyk
towson,22,11,-1.92,64.1,108,2024,Pat Skerry,301_Pat_Skerry
troy ,23,11,3.55,67.5,108.7,2024,Scott Cross,302_Scott_Cross
tulane,19,15,1.24,68.1,109,2024,Ron Hunter,303_Ron_Hunter
tulsa,13,20,-5.93,67.6,103.8,2024,Eric Konkol,149_Eric_Konkol
uab,24,13,4.7,70.4,115.9,2024,Andy Kennedy,305_Andy_Kennedy
uc davis,15,17,-6.41,68.6,98.6,2024,Jim Les,307_Jim_Les
uc irvine,32,7,7.6,69.7,107.2,2024,Russ Turner,308_Russ_Turner
uc riverside,21,13,-1.47,68,108.3,2024,Mike Magpayo,309_Mike_Magpayo
uc san diego ,30,5,12.63,67.4,117.7,2024,Eric Olen,310_Eric_Olen
uc santa barbara,21,13,0.28,66.9,111,2024,Joe Pasternack,311_Joe_Pasternack
ucf,20,17,10.59,72.5,108.2,2024,Johnny Dawkins Jr,312_Johnny_Dawkins_Jr
ucla ,23,11,19.68,66.2,112,2024,Mick Cronin,
unc asheville,21,11,-5.36,70.8,114.8,2024,Mike Morrell,319_Mike_Morrell
unc greensboro,20,12,-0.99,65.2,111.8,2024,Mike Jones,320_Mike_Jones
unc wilmington ,27,8,2.36,67.4,116.2,2024,Takayo Siddle,321_Takayo_Siddle
ut arlington,13,18,-5.55,69.1,106.1,2024,KT Turner,
utah,16,17,11.44,69.3,108.6,2024,Craig Smith,
utah state ,26,8,13.56,67.2,118.8,2024,Jerrod Calhoun,361_Jerrod_Calhoun
utah tech,7,26,-10.29,69.3,100.5,2024,Jon Judkins,330_Jon_Judkins
utah valley,25,9,1.91,69.4,108.8,2024,Todd Phillips,
utep,18,15,-0.63,69.5,103.9,2024,Joe Golding,327_Joe_Golding
utsa,12,19,-2.55,70.4,108.1,2024,Austin Claunch,195_Austin_Claunch
valparaiso,15,19,-2.9,68.5,107.8,2024,Roger Powell Jr.,
vanderbilt ,20,13,14.66,69.8,112.6,2024,Mark Byington,129_Mark_Byington
vermont,21,12,-8.06,64.4,103.4,2024,John Becker,337_John_Becker
villanova,21,15,13.28,63.8,115.7,2024,Kyle Neptune *,91_Kyle_Neptune
virginia,15,17,5.71,61.6,105.1,2024,Ron Sanchez,48_Ron_Sanchez
virginia commonwealth ,28,7,14.45,66.6,115.1,2024,Ryan Odom,329_Ryan_Odom
vmi,15,19,-11.25,68.8,106.1,2024,Andrew Wilson,334_Andrew_Wilson
virginia tech,13,19,2.62,66.1,103.5,2024,Mike Young,340_Mike_Young
wagner,14,16,-15.75,61.8,99.9,2024,Donald Copeland,341_Donald_Copeland
wake forest,21,11,9.63,67.9,103.4,2024,Steve Forbes,342_Steve_Forbes
washington,13,18,6.26,68.6,103.4,2024,Danny Sprinkle,180_Danny_Sprinkle
washington state,19,15,4.67,71.6,109.8,2024,David Riley,80_David_Riley
weber state,12,22,-9.64,66.9,106.6,2024,Eric Duft,345_Eric_Duft
west georgia,6,25,-15.57,69.3,99.6,2024,Dave Moore,
west virginia,19,13,14.89,65.2,102.9,2024,Darian DeVries,70_Darian_DeVries
western carolina,8,22,-15.83,71.6,96.1,2024,Tim Craft,94_Tim_Craft
western illinois,12,19,-15.22,65.5,104.1,2024,Chad Boudreau,
western kentucky,17,15,-0.5,72.9,102.3,2024,Hank Plona,
western michigan,12,20,-9.55,69.4,103.8,2024,Dwayne Stephens,351_Dwayne_Stephens
wichita state,19,15,2.29,69.4,105.8,2024,Paul Mills,222_Paul_Mills
william & mary,17,15,-6.26,71.2,109.1,2024,Brian Earl,60_Brian_Earl
winthrop,23,11,-1.68,74.1,113.1,2024,Mark Prosser,354_Mark_Prosser
wisconsin ,27,10,20.73,68.7,116.3,2024,Greg Gard,355_Greg_Gard
wofford ,19,16,-0.13,65.2,114.1,2024,Dwight Perry,356_Jay_McAuley
wright state,15,18,-4.89,68.1,112.2,2024,Clint Sargent,
wyoming,12,20,-0.67,65.7,101.8,2024,Sundance Wicks,
xavier ,22,12,15.25,69.4,111.7,2024,Sean Miller *,359_Sean_Miller_*
yale ,22,8,6.66,69,117.9,2024,James Jones,360_James_Jones
youngstown state,21,13,-3.85,70.6,107.5,2024,Ethan Faulkner,
abilene christian,13,17,-2.79,70.9,104.9,2022,Brette Tanner,1_Brette_Tanner
air force,14,18,2,63.6,104,2022,Joe Scott,2_Joe_Scott
akron,22,11,4.19,67.2,110.3,2022,John Groce,3_John_Groce
alabama ,31,6,23.19,72.6,110.4,2022,Nate Oats,5_Nate_Oats
alabama a&m,15,18,-10.78,69.9,98.9,2022,Otis Hughley Jr.,4_Otis_Hughley_Jr.
alabama state,8,23,-16.33,68.6,92,2022,Tony Madlock,267_Tony_Madlock
albany  ,8,23,-14.36,67.9,98.8,2022,Dwayne Killings,306_Dwayne_Killings
alcorn state,18,14,-8.74,67.8,98.2,2022,Landon Bussie,7_Landon_Bussie
american,17,15,-8.26,62.6,102.9,2022,Mike Brennan,8_Mike_Brennan
appalachian state,16,16,-1.5,67.3,103.6,2022,Dustin Kerns,9_Dustin_Kerns
arizona ,28,7,19.08,72.7,112.6,2022,Tommy Lloyd,11_Tommy_Lloyd
arizona state ,23,13,11.29,69,101.9,2022,Bobby Hurley,10_Bobby_Hurley
arkansas ,22,14,15.99,70.2,105.1,2022,Eric Musselman,12_Eric_Musselman
arkansas state,13,20,-8.07,64.8,101,2022,Mike Balado,13_Mike_Balado
arkansas-pine bluff,10,21,-12.99,71.3,93,2022,Solomon Bozeman,14_Solomon_Bozeman
army,17,16,-7.13,68.1,106.5,2022,Jimmy Allen,15_Jimmy_Allen
auburn ,21,13,14.35,68.7,105.6,2022,Bruce Pearl,16_Bruce_Pearl
austin peay,9,22,-12.17,66.8,99.4,2022,Nate James,17_Nate_James
ball state,20,12,-1.2,68.5,111.1,2022,Michael Lewis,19_Michael_Lewis
baylor ,23,11,17.3,67.8,113.3,2022,Scott Drew,20_Scott_Drew
bellarmine,15,18,-7.42,62.8,104.7,2022,Scott Davenport,21_Scott_Davenport
belmont,21,11,1.88,69,109.9,2022,Casey Alexander,22_Casey_Alexander
bethune-cookman,12,20,-17.15,69.5,97.2,2022,Reggie Theus,23_Reggie_Theus
binghamton,13,18,-10.44,67,101,2022,Levell Sanders,24_Levell_Sanders
boise state ,24,10,12.78,66.8,106.8,2022,Leon Rice,25_Leon_Rice
boston college,16,17,1.09,66.7,99,2022,Earl Grant,26_Earl_Grant
boston university,15,17,-8.1,66.3,99.7,2022,Joe Jones,27_Joe_Jones
bowling green state,11,20,-8.46,71.2,106.7,2022,Michael Huger,28_Michael_Huger
bradley,25,10,6.51,65.9,106.8,2022,Brian Wardle,29_Brian_Wardle
byu,19,15,9.43,70.9,106.1,2022,Mark Pope,18_Mark_Pope
brown,14,13,-2.47,69.9,99.1,2022,Mike Martin,30_Mike_Martin
bryant,17,13,-3.59,73,108.3,2022,Jared Grasso,31_Jared_Grasso
bucknell,12,20,-9.93,66.4,100.9,2022,Nathan Davis,32_Nathan_Davis
buffalo,15,17,-2.97,74.2,104.1,2022,Jim Whitesell,33_Jim_Whitesell
butler,14,18,5.85,67.2,97,2022,Thad Matta,34_Thad_Matta
cal poly,8,25,-7.51,65.1,92.7,2022,John Smith,35_John_Smith
cal state bakersfield,11,22,-8.34,63.4,93.9,2022,Rod Barnes,36_Rod_Barnes
cal state fullerton,20,13,1.73,65.5,102.5,2022,Dedrique Taylor,37_Dedrique_Taylor
cal state northridge,7,25,-10.4,65.7,96.1,2022,Trent Johnson,38_Trent_Johnson
california,3,29,-3.36,64.3,90,2022,Mark Fox,
california baptist,17,16,0.21,65.9,104.5,2022,Rick Croy,39_Rick_Croy
campbell,16,18,-5.23,64.6,106.1,2022,Kevin McGeehan,41_Kevin_McGeehan
canisius,10,20,-7.05,67.5,102.1,2022,Reggie Witherspoon,42_Reggie_Witherspoon
central arkansas,9,22,-13.72,72.7,99.1,2022,Anthony Boone,43_Anthony_Boone
central connecticut state,10,22,-13.68,65.7,99.3,2022,Patrick Sellers,44_Patrick_Sellers
central michigan,10,21,-11.97,69,94.9,2022,Tony Barbee,45_Tony_Barbee
charleston southern,10,21,-9.44,67.1,107.7,2022,Barclay Radebaugh *,47_Barclay_Radebaugh_*
charlotte,22,14,3.9,61.5,107,2022,Ron Sanchez,48_Ron_Sanchez
chattanooga,18,17,-2.34,68.9,111.7,2022,Dan Earl,334_Dan_Earl
chicago state,11,20,-11.29,66.8,104.8,2022,Gerald Gillion,50_Gerald_Gillion
cincinnati,23,13,11.77,69.9,109.6,2022,Wes Miller,51_Wes_Miller
clemson,23,11,10.53,68.1,109,2022,Brad Brownell,52_Brad_Brownell
cleveland state,21,14,-2.6,66.5,106.1,2022,Daniyal Robinson,53_Daniyal_Robinson
coastal carolina,11,20,-8.93,69.1,105.3,2022,Cliff Ellis,54_Cliff_Ellis
colgate ,26,9,2.2,68.2,114.5,2022,Matt Langel,55_Matt_Langel
college of charleston ,31,4,8.4,70.7,112.5,2022,Pat Kelsey,46_Pat_Kelsey
colorado,18,17,11.17,69.6,100.4,2022,Tad Boyle,56_Tad_Boyle
colorado state,15,18,5.64,66.4,107.9,2022,Niko Medved,57_Niko_Medved
columbia,7,22,-14.37,70.6,95.2,2022,Jim Engles,58_Jim_Engles
uconn,31,8,22.95,68.4,114.9,2022,Dan Hurley,314_Dan_Hurley
coppin state,9,23,-14.76,73.1,97,2022,Juan Dixon,59_Juan_Dixon
cornell,17,11,0.63,72.5,112.1,2022,Brian Earl,60_Brian_Earl
creighton ,24,13,17.83,69.3,109.6,2022,Greg McDermott,61_Greg_McDermott
dartmouth,10,18,-7.98,70.8,99.4,2022,David McLaughlin,62_David_McLaughlin
davidson,16,16,1.99,66.1,104.4,2022,Matt McKillop,63_Matt_McKillop
dayton,22,12,8.71,63.6,107.2,2022,Anthony Grant,64_Anthony_Grant
delaware,17,16,-5.57,67.4,102.6,2022,Martin Ingelsby,66_Martin_Ingelsby
delaware state,6,24,-17.7,69.6,92.1,2022,Stan Waterman,67_Stan_Waterman
denver,15,17,-9.56,69.1,103.6,2022,Jeff Wulbrun,68_Jeff_Wulbrun
depaul,10,23,2.9,69.8,100.4,2022,Tony Stubblefield,65_Tony_Stubblefield
detroit mercy,14,19,-3.21,67.8,112.1,2022,Mike Davis,69_Mike_Davis
drake ,27,8,7.84,67,109.2,2022,Darian DeVries,70_Darian_DeVries
drexel,17,15,-2.27,64,102.2,2022,Zach Spiker,71_Zach_Spiker
duke ,27,9,15.83,65.5,109.5,2022,Jon Scheyer,72_Jon_Scheyer
duquesne,20,13,3.48,69.4,108,2022,Keith Dambrot,73_Keith_Dambrot
east carolina,16,17,-0.29,68.6,100.4,2022,Michael Schwartz,74_Michael_Schwartz
east tennessee state,12,20,-6,66.7,103.2,2022,Desmond Oliver,75_Desmond_Oliver
east texas a&m,13,20,-11.09,67,104.8,2022,Jaret von Rosenberg,76_Jaret_von_Rosenberg
eastern illinois,9,22,-14.09,70.7,96.9,2022,Marty Simmons,77_Marty_Simmons
eastern kentucky,23,14,-1.47,72,107.3,2022,A.W. Hamilton,78_A.W._Hamilton
eastern michigan,8,23,-11.05,70.3,101.9,2022,Stan Heath,79_Stan_Heath
eastern washington,23,11,1.47,68.9,111.2,2022,David Riley,80_David_Riley
elon,8,24,-12.85,67,97.7,2022,Billy Taylor,81_Billy_Taylor
evansville,5,27,-15.14,69.8,89.4,2022,David Ragland,82_David_Ragland
fairfield,13,18,-6.98,64.9,98.7,2022,Jay Young,83_Jay_Young
fdu ,21,16,-8.98,69.8,109.7,2022,Tobin Anderson,84_Tobin_Anderson
florida,16,17,10.9,69.7,101.8,2022,Todd Golden,259_Todd_Golden
florida a&m,7,22,-17.81,66.5,87.8,2022,Robert McCullum,85_Robert_McCullum
florida atlantic ,35,4,13.92,68.5,112.8,2022,Dusty May,86_Dusty_May
florida gulf coast,17,15,-2.63,66.7,106.1,2022,Patrick Chambers,88_Patrick_Chambers
florida international,14,18,-2.71,71,101.4,2022,Jeremy Ballard,89_Jeremy_Ballard
florida state,9,23,-0.38,69,100.5,2022,Leonard Hamilton *,90_Leonard_Hamilton_*
fordham,25,8,2.26,70,102.1,2022,Keith Urgo *,91_Keith_Urgo
fresno state,11,20,2.6,64,99.5,2022,Justin Hutson,92_Justin_Hutson
furman ,28,8,4.89,69.4,115.4,2022,Bob Richey,93_Bob_Richey
gardner-webb,15,16,-3.84,67.5,103.1,2022,Tim Craft,94_Tim_Craft
george mason,20,13,1.73,67.6,100.9,2022,Kim English,95_Kim_English
george washington,16,16,-1.93,69.7,107.4,2022,Chris Caputo,96_Chris_Caputo
georgetown,7,25,-1.07,69.6,99.1,2022,Patrick Ewing,97_Patrick_Ewing
georgia,16,16,1.8,68.2,100.1,2022,Michael White,87_Michael_White
georgia southern,17,16,-3.25,67.6,100.8,2022,Brian Burg,99_Brian_Burg
georgia state,10,21,-6.79,67.8,98,2022,Jonas Hayes,100_Jonas_Hayes
georgia tech,15,18,2.08,67.6,102.8,2022,Josh Pastner *,101_Josh_Pastner_*
gonzaga ,31,6,18.99,71.9,119.5,2022,Mark Few,102_Mark_Few
grambling,24,9,-4.03,67.8,101.3,2022,Donte Jackson,103_Donte_Jackson
grand canyon ,24,12,4.43,66.9,111.5,2022,Bryce Drew,104_Bryce_Drew
green bay,3,29,-20.3,66.2,89.2,2022,Will Ryan,105_Will_Ryan
hampton,8,24,-15.25,69.9,97.2,2022,Edward Joyner Jr,106_Edward_Joyner_Jr
hartford,5,23,-23.12,66.3,94.7,2022,Tom Devitt,
harvard,14,14,-0.71,67.8,99.9,2022,Tommy Amaker,107_Tommy_Amaker
hawaii,22,11,2.36,64.9,101.9,2022,Eran Ganot,108_Eran_Ganot
high point,14,17,-9.88,72.7,102.7,2022,G.G. Smith,109_G.G._Smith
hofstra,25,10,4.96,67.6,109.5,2022,Speedy Claxton,110_Speedy_Claxton
holy cross,10,22,-14.27,69.1,96.2,2022,Brett Nelson,111_Brett_Nelson
houston ,33,4,22.2,64.8,115.5,2022,Kelvin Sampson,113_Kelvin_Sampson
houston christian,10,22,-17.18,73.4,105.2,2022,Ron Cottrell,112_Ron_Cottrell
howard ,22,13,-5.04,71.8,104.4,2022,Kenneth Blakeney,114_Kenneth_Blakeney
idaho,10,22,-8.7,67.1,107.5,2022,Tim Marrion,117_Zac_Claus
idaho state,11,21,-6.56,65.7,102.8,2022,Ryan Looney,116_Ryan_Looney
illinois ,20,13,14.81,69.5,105.7,2022,Brad Underwood *,118_Brad_Underwood_*
illinois state,11,21,-7.38,65.7,99.6,2022,Ryan Pedon,119_Ryan_Pedon
illinois-chicago,12,20,-8.83,69.2,96.2,2022,Luke Yaklich,
incarnate word,12,19,-15.06,69.3,100.9,2022,Carson Cunningham,120_Carson_Cunningham
indiana ,23,12,14.94,68.4,109,2022,Mike Woodson,121_Mike_Woodson
indiana state,23,13,4.86,71.2,110.7,2022,Josh Schertz,122_Josh_Schertz
iona ,27,8,7.61,68.8,110.1,2022,Rick Pitino *,123_Rick_Pitino_*
iowa ,19,14,14.08,69.6,113.7,2022,Fran McCaffery,124_Fran_McCaffery
iowa state ,19,14,15.36,65.7,102.2,2022,T.J. Otzelberger,125_T.J._Otzelberger
iu indy,5,27,-19,67.7,96,2022,Matt Crenshaw,115_Matt_Crenshaw
jackson state,14,19,-11.36,69.8,95.8,2022,Mo Williams,6_Mo_Williams
jacksonville,13,16,-6.19,62,102.2,2022,Jordan Mincy,127_Jordan_Mincy
jacksonville state,13,18,-6.67,66.5,104.7,2022,Ray Harper,128_Ray_Harper
james madison,22,11,4.96,72.2,109.8,2022,Mark Byington,129_Mark_Byington
kansas ,28,8,19.2,70.2,106.8,2022,Bill Self,131_Bill_Self
kansas city,11,21,-9.78,65.4,97.2,2022,Marvin Menzies,130_Marvin_Menzies
kansas state ,26,10,15.79,70.5,106.2,2022,Jerome Tang,132_Jerome_Tang
kennesaw state ,26,9,0.6,69.8,106.4,2022,Amir Abdur-Rahim,133_Amir_Abdur-Rahim
kent state ,28,7,7.53,69.7,108.9,2022,Rob Senderoff,134_Rob_Senderoff
kentucky ,22,12,14.76,66.8,110.7,2022,John Calipari *,135_John_Calipari_*
la salle,15,19,-2.79,68.5,100.9,2022,Fran Dunphy,137_Fran_Dunphy
lafayette,11,23,-7.83,63.5,96.1,2022,Mike McGarvey,138_Mike_Jordan
lamar,9,22,-17.4,67.9,99.2,2022,Alvin Brooks,139_Alvin_Brooks
lehigh,16,14,-9.08,69.7,100.1,2022,Brett Reed,141_Brett_Reed
liberty,27,9,8.36,65.7,113.8,2022,Ritchie McKay,142_Ritchie_McKay
lindenwood,11,21,-14.8,69.2,98.6,2022,Kyle Gerdeman,366_Kyle_Gerdeman
lipscomb,20,13,-1.95,69.7,108,2022,Lennie Acuff,143_Lennie_Acuff
little rock,10,21,-12.62,72.9,102.6,2022,Darrell Walker,144_Darrell_Walker
long beach state,17,16,-0.58,72.6,102.7,2022,Dan Monson,145_Dan_Monson
long island university,3,26,-24.46,73.6,90.7,2022,Rod Strickland,146_Rod_Strickland
longwood,20,12,-1.75,67.1,109.1,2022,Griff Aldrich,147_Griff_Aldrich
louisiana ,26,8,4.27,69.2,111.4,2022,Bob Marlin,148_Bob_Marlin
louisiana state,14,19,3.32,66.7,101.4,2022,Matt McMahon,184_Matt_McMahon
louisiana tech,15,18,0.1,67.7,104.3,2022,Talvin Hester,149_Talvin_Hester
louisiana-monroe,11,21,-8.64,67.2,99.1,2022,Keith Richard,316_Keith_Richard
louisville,4,28,-5.39,67,95.4,2022,Kenny Payne,150_Kenny_Payne
loyola (il),10,21,-4.65,67,99.3,2022,Drew Valentine,151_Drew_Valentine
loyola (md),13,20,-12.05,66.8,100.4,2022,Tavaras Hardy,152_Tavaras_Hardy
loyola marymount,19,12,4.98,69.1,107.6,2022,Stan Johnson,153_Stan_Johnson
maine,13,17,-8.88,67,100.9,2022,Chris Markwood,154_Chris_Markwood
manhattan,12,18,-9.87,67.2,98,2022,RaShawn Stores,155_RaShawn_Stores
marist,13,20,-8.44,65.5,97.2,2022,John Dunne,156_John_Dunne
marquette ,29,7,17.07,69.3,112.9,2022,Shaka Smart,157_Shaka_Smart
marshall,24,8,7.13,72.7,111.1,2022,Dan D'Antoni II,158_Dan_D'Antoni_II
maryland ,22,13,14.58,64.5,107.7,2022,Kevin Willard,263_Kevin_Willard
maryland-baltimore county,18,14,-6.22,68.4,108.2,2022,Jim Ferry,317_Jim_Ferry
maryland-eastern shore,18,13,-7.63,71.4,97.2,2022,Jason Crafton,
massachusetts,15,16,-1.34,70.7,98.7,2022,Frank Martin,266_Frank_Martin
massachusetts-lowell,26,8,0.63,69.7,111.6,2022,Pat Duquette,318_Pat_Duquette
mcneese,11,23,-13.63,67.9,100.8,2022,John Aiken,162_John_Aiken
memphis ,26,9,14.5,72.2,108.7,2022,Anfernee Hardaway,163_Anfernee_Hardaway
mercer,14,19,-5.11,65.5,103.7,2022,Greg Gary,164_Greg_Gary
merrimack,18,16,-11.18,67.1,93.2,2022,Joe Gallo,166_Joe_Gallo
miami (fl) ,29,8,13.98,68.9,114.3,2022,Jim Larranaga,168_Jim_Larranaga
miami (oh),12,20,-7.46,69.4,105.7,2022,Travis Steele,359_Travis_Steele
michigan,18,16,12.43,67.4,106.4,2022,Juwan Howard,170_Juwan_Howard
michigan state ,21,13,14.25,65.4,106.8,2022,Tom Izzo,169_Tom_Izzo
middle tennessee,19,14,2.95,67,103.9,2022,Nick McDevitt,171_Nick_McDevitt
milwaukee,22,12,-4.69,72.3,106.2,2022,Bart Lundy,172_Bart_Lundy
minnesota,9,22,-0.3,65.4,95.4,2022,Ben Johnson,173_Ben_Johnson
mississippi,12,21,5.73,66.6,100.9,2022,Kermit Davis Jr,220_Kermit_Davis_Jr
mississippi state ,21,13,11.43,64.9,99.8,2022,Chris Jans,192_Chris_Jans
mississippi valley state,5,27,-18.28,68.2,88.7,2022,George Ivory,175_George_Ivory
missouri ,25,10,11.41,70,112,2022,Dennis Gates,53_Dennis_Gates
missouri state,17,15,0.35,63,102.9,2022,Dana Ford,176_Dana_Ford
monmouth,7,26,-15.64,68.4,90.2,2022,King Rice,178_King_Rice
montana,17,14,-1.15,64.1,107.6,2022,Travis DeCuire,179_Travis_DeCuire
montana state ,25,10,2.18,67.9,108.1,2022,Danny Sprinkle,180_Danny_Sprinkle
morehead state,22,12,-7.1,66.9,104,2022,Preston Spradlin,181_Preston_Spradlin
morgan state,15,16,-11.58,73.8,100.3,2022,Kevin Broadus,182_Kevin_Broadus
mount st. mary's,13,20,-8.18,65.8,96,2022,Dan Engelstad,183_Dan_Engelstad
murray state,17,15,-4.45,66.9,104,2022,Steve Prohm,184_Steve_Prohm
navy,18,13,-2.79,64.9,106.1,2022,Ed DeChellis,187_Ed_DeChellis
nc state ,23,11,12.5,69.8,110.9,2022,Kevin Keatts,185_Kevin_Keatts
nebraska,16,16,7.12,67.2,99.5,2022,Fred Hoiberg,188_Fred_Hoiberg
nevada ,22,11,10.01,66.4,107.3,2022,Steve Alford,189_Steve_Alford
nevada-las vegas,19,13,7.2,69.6,104.6,2022,Kevin Kruger,322_Kevin_Kruger
new hampshire,15,15,-9.05,65.7,100.2,2022,Bill Herrion,190_Bill_Herrion
new mexico,22,12,10.82,72,111.1,2022,Richard Pitino,191_Richard_Pitino
new mexico state,9,15,-1.56,71.6,102.9,2022,Greg Heiar,192_Greg_Heiar
new orleans,12,20,-14.23,72.5,100.1,2022,Mark Slessinger,193_Mark_Slessinger
niagara,16,15,-6.78,63.7,101.4,2022,Greg Paulus,194_Greg_Paulus
nicholls state,16,15,-8.54,72.7,104,2022,Austin Claunch,195_Austin_Claunch
njit,7,23,-12.57,66.6,98.9,2022,Brian Kennedy,186_Brian_Kennedy
norfolk state,22,11,-3.72,68.1,110.4,2022,Robert Jones,196_Robert_Jones
north alabama,18,15,-8.65,69.5,105.5,2022,Tony Pujol,197_Tony_Pujol
north carolina,20,13,12.94,69.3,107.8,2022,Hubert Davis,200_Hubert_Davis
north carolina a&t,13,19,-11.4,70.7,99.3,2022,Phillip Shumpert,198_Phillip_Shumpert
north carolina central,18,12,-2.91,70.2,106,2022,LeVelle Moton,199_LeVelle_Moton
north dakota,13,20,-7.6,68.2,105,2022,Paul Sather,201_Paul_Sather
north dakota state,16,17,-4.56,69.3,105.2,2022,David Richman,202_David_Richman
north florida,14,17,-6.75,69.1,108.5,2022,Matthew Driscoll,203_Matthew_Driscoll
north texas,31,7,10.71,59.5,107.1,2022,Grant McCasland,204_Grant_McCasland
northeastern,10,20,-10.33,67.1,96.5,2022,Bill Coen,205_Bill_Coen
northern arizona,12,23,-3.87,68,106.9,2022,Shane Burcar,206_Shane_Burcar
northern colorado,12,20,-4.65,69.3,105.3,2022,Steve Smiley,207_Steve_Smiley
northern illinois,13,19,-6.55,70.9,101.2,2022,Rashon Burno,208_Rashon_Burno
northern iowa,14,18,-2.68,67.8,102.6,2022,Ben Jacobson,209_Ben_Jacobson
northern kentucky ,22,13,-0.83,63.5,104.8,2022,Darrin Horn,210_Darrin_Horn
northwestern ,22,12,13.68,65,103.5,2022,Chris Collins,212_Chris_Collins
northwestern state,22,11,-4.72,68.4,108.2,2022,Corey Gipson,211_Corey_Gipson
notre dame,11,21,2.09,65.4,106,2022,Mike Brey,213_Mike_Brey
oakland,13,19,-8.06,69,104.3,2022,Greg Kampe,214_Greg_Kampe
ohio,19,14,1.07,69.7,112.7,2022,Jeff Boals,215_Jeff_Boals
ohio state,16,19,12.99,65.9,109.2,2022,Chris Holtmann,216_Chris_Holtmann
oklahoma,15,17,11.38,66.4,101.1,2022,Porter Moser,217_Porter_Moser
oklahoma state,20,16,12.62,68,99.7,2022,Michael Boynton,218_Michael_Boynton
old dominion,19,12,-0.41,65.6,101.5,2022,Jeff Jones,219_Jeff_Jones
omaha,9,23,-10.8,68.3,99.9,2022,Chris Crutchfield,221_Chris_Crutchfield
oral roberts ,30,5,8.55,71.5,116.5,2022,Paul Mills,222_Paul_Mills
oregon,21,15,13.83,66.5,105.7,2022,Dana Altman,
oregon state,11,21,0.08,65.1,94.1,2022,Wayne Tinkle,
pacific,15,18,-0.56,70.8,106.3,2022,Leonard Perry,225_Leonard_Perry
penn state ,23,14,13.04,64.4,110.4,2022,Micah Shrewsberry,226_Micah_Shrewsberry
pennsylvania,17,13,0.85,67.9,108.5,2022,Steve Donahue,227_Steve_Donahue
pepperdine,9,22,-0.12,73.9,103.8,2022,Lorenzo Romar,228_Lorenzo_Romar
pittsburgh ,24,12,10.59,68.1,110.4,2022,Jeff Capel III *,229_Jeff_Capel_III_*
portland,14,19,1.68,71.1,108.5,2022,Shantay Legans,230_Shantay_Legans
portland state,12,19,-5.17,72.3,105.4,2022,Jase Coburn,231_Jase_Coburn
prairie view,13,19,-8.92,69.7,95.4,2022,Byron Smith,232_Byron_Smith
presbyterian,5,27,-13.55,65.1,96.2,2022,Quinton Ferrell,233_Quinton_Ferrell
princeton ,23,9,4.76,69,108.1,2022,Mitch Henderson,234_Mitch_Henderson
providence ,21,12,12.89,68.2,111.2,2022,Ed Cooley,235_Ed_Cooley
purdue ,29,6,18.23,64.2,112.8,2022,Matt Painter,236_Matt_Painter
purdue fort wayne,17,15,-5.46,70.4,104.5,2022,Jon Coffman,237_Jon_Coffman
queens (nc),18,15,-4.16,71,109.5,2022,Grant Leonard,
quinnipiac,20,12,-2.43,69.3,104,2022,Baker Dunleavy,238_Baker_Dunleavy
radford,21,15,-1.86,64.9,106.5,2022,Darris Nichols,239_Darris_Nichols
rhode island,9,22,-4.16,68.3,95.4,2022,Archie Miller,240_Archie_Miller
rice,19,16,-1.95,70.8,107.1,2022,Scott Pera,241_Scott_Pera
richmond,15,18,1.43,66.4,102.2,2022,Peter Thomas,242_Chris_Mooney
rider,16,14,-3.49,65.1,106.5,2022,Kevin Baggett,243_Kevin_Baggett
robert morris,16,17,-5.83,67.4,102.5,2022,Andrew Toole,244_Andrew_Toole
rutgers,19,15,14.58,66.1,102.7,2022,Steve Pikiell,245_Steve_Pikiell
sacramento state,14,18,-4.63,63.3,102.3,2022,David Patrick,249_David_Patrick
sacred heart,16,17,-12.78,70.4,99.6,2022,Anthony Latina,250_Anthony_Latina
saint francis (pa),13,18,-13.41,69.2,105,2022,Rob Krimmel,
saint joseph's,16,17,-0.33,69.4,103.5,2022,Billy Lange,251_Billy_Lange
saint louis,21,12,6.04,69.9,108.1,2022,Travis Ford,252_Travis_Ford
saint mary's (ca) ,27,8,17.41,63.8,109.6,2022,Randy Bennett,253_Randy_Bennett
saint peter's,14,18,-9.9,63.2,97.5,2022,Bashir Mason,341_Bashir_Mason
sam houston,26,8,7.15,66.7,107.4,2022,Jason Hooten,255_Jason_Hooten
samford,21,11,0.5,69.9,110.9,2022,Bucky McMillan,256_Bucky_McMillan
san diego,11,20,-2.06,70.4,108.6,2022,Steve Lavin,258_Steve_Lavin
san diego state ,32,7,15.81,66.6,106.1,2022,Brian Dutcher,257_Brian_Dutcher
san francisco,20,14,6,70.4,107.4,2022,Chris Gerlufsen,259_Chris_Gerlufsen
san jose state,21,14,5.17,63.2,105.6,2022,Tim Miles,260_Tim_Miles
santa clara,23,10,8.55,71.2,106.8,2022,Herb Sendek,261_Herb_Sendek
seattle,20,12,0.91,70.8,101.3,2022,Chris Victor,262_Chris_Victor
seton hall,17,16,11,67.8,100.9,2022,Shaheen Holloway,254_Shaheen_Holloway
siena,17,15,-3.44,66.6,101.8,2022,Carmen Maciariello,264_Carmen_Maciariello
south alabama,19,16,3.58,66.7,106,2022,Richie Riley,265_Richie_Riley
south carolina,11,21,-2.28,65.1,97.2,2022,Lamont Paris,49_Lamont_Paris
south carolina state,5,26,-16.73,73.7,98.7,2022,Erik Martin,267_Erik_Martin
south carolina upstate,16,16,-7.44,68.4,100,2022,Dave Dickerson,268_Dave_Dickerson
south dakota,12,19,-9.87,67,103.5,2022,Eric Peterson,269_Eric_Peterson
south dakota state,19,13,-1.82,67.9,103.6,2022,Eric Henderson,270_Eric_Henderson
south florida,14,18,1.95,69.6,103.1,2022,Brian Gregory,271_Brian_Gregory
southeast missouri state ,19,17,-7.4,73.8,103.2,2022,Brad Korn,272_Brad_Korn
southeastern louisiana,18,14,-8,70.4,108.1,2022,David Kiefer,246_David_Kiefer
southern,15,17,-8.57,72.9,97.9,2022,Sean Woods,274_Sean_Woods
southern california ,22,11,13.06,68.3,105.6,2022,Andy Enfield,
southern illinois,23,10,1.15,64.8,101,2022,Bryan Mullins,273_Bryan_Mullins
siu edwardsville,19,14,-6.45,70.7,105.5,2022,Brian Barone,247_Brian_Barone
southern indiana,16,17,-8.87,70.5,106.2,2022,Stan Gouard,365_Stan_Gouard
southern methodist,10,22,-0.12,70.6,98,2022,Rob Lanier,100_Rob_Lanier
southern mississippi,25,8,3.31,68.9,107.1,2022,Jay Ladner,275_Jay_Ladner
southern utah,24,13,3.39,73.7,110.1,2022,Todd Simon,276_Todd_Simon
st. bonaventure,14,18,-1.32,66.7,99.3,2022,Mark Schmidt,277_Mark_Schmidt
st. francis  ,14,16,-16.49,67.1,96.3,2022,Rob Krimmel,
st. john's  ,18,15,8.64,73.8,103.3,2022,Mike Anderson Sr,279_Mike_Anderson_Sr
st. thomas,19,14,-3.1,67,110.7,2022,John Tauer,280_John_Tauer
stanford,14,19,9.64,66.1,106.4,2022,Jerod Haase,
stephen f. austin,19,13,0.73,70.9,104.9,2022,Kyle Keller *,282_Kyle_Keller_*
stetson,17,14,-2.83,65.8,113.9,2022,Donnie Jones *,283_Donnie_Jones_*
stonehill,14,17,-12.86,67.5,98,2022,Chris Kraus,284_Chris_Kraus
stony brook,11,22,-12.45,65.1,96.7,2022,Geno Ford,285_Geno_Ford
syracuse,17,15,5.39,68.3,107.7,2022,Jim Boeheim *,286_Jim_Boeheim_*
tarleton state,17,17,-0.76,69.1,103.4,2022,Billy Gillispie,288_Billy_Gillispie
tcu ,22,13,15.61,70.9,105.8,2022,Jamie Dixon,287_Jamie_Dixon
temple,16,16,4.68,67.1,101.8,2022,Aaron McKie,289_Aaron_McKie
tennessee ,25,11,20.84,65.9,107,2022,Rick Barnes,292_Rick_Barnes
tennessee state,18,14,-9.01,72.8,107.2,2022,Brian Collins,290_Brian_Collins
tennessee tech,16,17,-9.4,69.3,103.5,2022,John Pelphrey,291_John_Pelphrey
tennessee-martin,19,14,-8.67,73.5,108.3,2022,Ryan Ridder,325_Ryan_Ridder
texas ,29,9,20.56,70.1,110.1,2022,Rodney Terry,295_Chris_Beard
texas a&m ,25,10,13.76,67.1,108.5,2022,Buzz Williams,293_Buzz_Williams
texas a&m-corpus christi ,24,11,-2.57,71.7,110.9,2022,Steve Lutz,294_Steve_Lutz
texas southern ,14,21,-10.56,70.9,95.6,2022,Johnny Jones,296_Johnny_Jones
texas state,16,19,-2.32,64.9,101.7,2022,Terrence Johnson,297_Terrence_Johnson
texas tech,16,16,12.58,68.9,105.7,2022,Corey Williams,298_Mark_Adams
texas-rio grande valley,15,17,-6.48,74.3,105.1,2022,Matt Figger,326_Matt_Figger
the citadel,10,22,-12.13,68.2,98.9,2022,Ed Conroy,299_Ed_Conroy
toledo,27,8,5.76,70.8,120.6,2022,Tod Kowalczyk,300_Tod_Kowalczyk
towson,21,12,0.24,65.7,108.1,2022,Pat Skerry,301_Pat_Skerry
troy,20,13,1.39,69.2,105,2022,Scott Cross,302_Scott_Cross
tulane,20,11,5.46,74,106.3,2022,Ron Hunter,303_Ron_Hunter
tulsa,5,25,-8.48,68.7,94.2,2022,Eric Konkol,149_Eric_Konkol
uab,29,10,10.96,70.6,111.2,2022,Andy Kennedy,305_Andy_Kennedy
uc davis,18,14,-0.31,70.9,104.2,2022,Jim Les,307_Jim_Les
uc irvine,23,12,4.16,70,106.4,2022,Russ Turner,308_Russ_Turner
uc riverside,22,12,0.72,67.4,105.9,2022,Mike Magpayo,309_Mike_Magpayo
uc san diego,10,20,-6.94,67,99.9,2022,Eric Olen,310_Eric_Olen
uc santa barbara ,27,8,3.3,65.5,109.1,2022,Joe Pasternack,311_Joe_Pasternack
ucf,19,15,11.09,66.1,105.5,2022,Johnny Dawkins Jr,312_Johnny_Dawkins_Jr
ucla ,31,6,22.11,67.2,110.3,2022,Mick Cronin,
unc asheville ,27,8,-1.74,69.3,105.8,2022,Mike Morrell,319_Mike_Morrell
unc greensboro,20,12,1.66,67.2,106.4,2022,Mike Jones,320_Mike_Jones
unc wilmington,24,10,-1.17,65.4,104.2,2022,Takayo Siddle,321_Takayo_Siddle
ut arlington,11,21,-4.98,67.6,97.9,2022,Greg Young,324_Greg_Young
utah,17,15,11.34,66.5,102.9,2022,Craig Smith,
utah state ,26,9,14.23,69.2,112.6,2022,Ryan Odom,329_Ryan_Odom
utah tech,14,19,-0.16,70.8,105.9,2022,Jon Judkins,330_Jon_Judkins
utah valley,28,9,8.48,72.2,105.8,2022,Mark Madsen,332_Mark_Madsen
utep,14,18,-0.74,68.3,97.7,2022,Joe Golding,327_Joe_Golding
utsa,10,22,-7.74,69.5,98.9,2022,Steve Henson,328_Steve_Henson
valparaiso,11,21,-8.72,68.7,98.1,2022,Matt Lottich,335_Matt_Lottich
vanderbilt,22,15,8.98,67,106.6,2022,Jerry Stackhouse,336_Jerry_Stackhouse
vermont ,23,11,1.63,65.5,109.7,2022,John Becker,337_John_Becker
villanova,17,17,10.61,65,106.7,2022,Kyle Neptune *,91_Kyle_Neptune
virginia ,25,8,13.28,62.5,108.1,2022,Tony Bennett,339_Tony_Bennett
virginia commonwealth ,27,8,9.89,68.3,103.8,2022,Mike Rhoades,333_Mike_Rhoades
vmi,7,25,-16.14,67.5,101.9,2022,Andrew Wilson,334_Andrew_Wilson
virginia tech,19,15,9.36,66.8,110.5,2022,Mike Young,340_Mike_Young
wagner,15,13,-11.81,63.5,98.5,2022,Donald Copeland,341_Donald_Copeland
wake forest,19,14,8.25,70.1,108.5,2022,Steve Forbes,342_Steve_Forbes
washington,16,16,6.78,69.2,98.4,2022,Mike Hopkins,
washington state,17,17,10.53,64.8,105.1,2022,Kyle Smith,
weber state,18,15,-2.94,65.7,100.5,2022,Eric Duft,345_Eric_Duft
west virginia ,19,15,15.95,69.6,108.8,2022,Bob Huggins,347_Bob_Huggins
western carolina,18,16,-6.34,68.3,106.2,2022,Justin Gray,348_Justin_Gray
western illinois,16,14,-7.59,68.8,105.7,2022,Rob Jeter,349_Rob_Jeter
western kentucky,17,16,-0.81,68.4,103.5,2022,Rick Stansbury,350_Rick_Stansbury
western michigan,8,23,-10.55,66.7,104.8,2022,Dwayne Stephens,351_Dwayne_Stephens
wichita state,17,15,5.78,67.8,103.1,2022,Isaac Brown,352_Isaac_Brown
william & mary,13,20,-10.99,65.3,102.6,2022,Dane Fischer,353_Dane_Fischer
winthrop,15,17,-6.63,67.8,108.4,2022,Mark Prosser,354_Mark_Prosser
wisconsin,20,15,10.98,63.2,101.1,2022,Greg Gard,355_Greg_Gard
wofford,17,16,-5.02,66.4,110.8,2022,Dwight Perry,356_Jay_McAuley
wright state,18,15,-2.34,72,108.5,2022,Scott Nagy,357_Scott_Nagy
wyoming,9,22,2.02,66.4,103.7,2022,Jeff Linder,358_Jeff_Linder
xavier ,27,10,16.03,72,112.1,2022,Sean Miller *,359_Sean_Miller_*
yale,21,9,7.81,67.5,111.3,2022,James Jones,360_James_Jones
youngstown state,24,10,1.67,69.5,115.8,2022,Jerrod Calhoun,361_Jerrod_Calhoun
abilene christian,25,11,2.25,71.9,105.2,2021,Brette Tanner,1_Brette_Tanner
air force,11,18,-5.67,63.4,93.1,2021,Joe Scott,2_Joe_Scott
akron ,24,10,0.91,64.1,109.8,2021,John Groce,3_John_Groce
alabama ,19,14,14.62,73.2,108.1,2021,Nate Oats,5_Nate_Oats
alabama a&m,12,18,-14.43,68.3,88.5,2021,Dylan Howard,4_Dylan_Howard
alabama state,10,21,-12.05,71.4,96.7,2021,Mo Williams,6_Mo_Williams
albany  ,13,18,-9.8,65.8,93.6,2021,Dwayne Killings,306_Dwayne_Killings
alcorn state,17,17,-8.68,69,95.8,2021,Landon Bussie,7_Landon_Bussie
american,10,22,-15.38,66.8,94.3,2021,Mike Brennan,8_Mike_Brennan
appalachian state,19,15,-1.45,65.5,102,2021,Dustin Kerns,9_Dustin_Kerns
arizona ,33,4,22.75,72.7,114.7,2021,Tommy Lloyd,11_Tommy_Lloyd
arizona state,14,17,7.64,67.9,94.7,2021,Bobby Hurley,10_Bobby_Hurley
arkansas ,28,9,16.27,72,104.8,2021,Eric Musselman,12_Eric_Musselman
arkansas state,18,11,-3.27,69.5,101.5,2021,Mike Balado,13_Mike_Balado
arkansas-pine bluff,7,24,-18.96,69.3,95.3,2021,Solomon Bozeman,14_Solomon_Bozeman
army,15,16,-10.53,69.9,99.9,2021,Jimmy Allen,15_Jimmy_Allen
auburn ,28,6,19.2,71.3,108.1,2021,Bruce Pearl,16_Bruce_Pearl
austin peay,12,17,-10.02,66.1,96.6,2021,Nate James,17_Nate_James
ball state,14,17,-7.99,71.6,103.4,2021,James Whitford,19_James_Whitford
baylor ,27,7,21.73,68.6,111.5,2021,Scott Drew,20_Scott_Drew
bellarmine,20,13,-3.77,63.8,109.4,2021,Scott Davenport,21_Scott_Davenport
belmont,25,8,6.49,70.3,110.5,2021,Casey Alexander,22_Casey_Alexander
bethune-cookman,9,21,-14.7,67.4,93.3,2021,Reggie Theus,23_Reggie_Theus
binghamton,12,17,-10.41,67.3,100,2021,Levell Sanders,24_Levell_Sanders
boise state ,27,8,11.93,64.9,104.1,2021,Leon Rice,25_Leon_Rice
boston college,13,20,4.03,65.5,100.7,2021,Earl Grant,26_Earl_Grant
boston university,22,13,-5.07,65.3,106.9,2021,Joe Jones,27_Joe_Jones
bowling green state,13,18,-8.82,74.4,107.1,2021,Michael Huger,28_Michael_Huger
bradley,17,14,5.79,68.1,103.2,2021,Brian Wardle,29_Brian_Wardle
byu,24,11,10.05,69.1,106.7,2021,Mark Pope,18_Mark_Pope
brown,13,16,-3.32,69.7,101.8,2021,Mike Martin,30_Mike_Martin
bryant ,22,10,-4.8,73,106.1,2021,Jared Grasso,31_Jared_Grasso
bucknell,9,23,-14.62,68.3,101.8,2021,Nathan Davis,32_Nathan_Davis
buffalo,19,11,1.9,72.5,110.3,2021,Jim Whitesell,33_Jim_Whitesell
butler,14,19,4.45,64.9,97.2,2021,LaVall Jordan,34_LaVall_Jordan
cal poly,7,21,-10.6,65.5,92.5,2021,John Smith,35_John_Smith
cal state bakersfield,9,19,-7.57,65.6,98.9,2021,Rod Barnes,36_Rod_Barnes
cal state fullerton ,21,11,-0.04,67.2,104.2,2021,Dedrique Taylor,37_Dedrique_Taylor
cal state northridge,7,23,-12.02,65.7,92.5,2021,Trent Johnson,38_Trent_Johnson
california,12,20,3.96,64.9,96.4,2021,Mark Fox,
california baptist,18,16,-3.53,69.3,101.6,2021,Rick Croy,39_Rick_Croy
campbell,16,13,-4.84,63.9,102.7,2021,Kevin McGeehan,41_Kevin_McGeehan
canisius,11,21,-7.48,69.6,97.6,2021,Reggie Witherspoon,42_Reggie_Witherspoon
central arkansas,11,20,-13.83,73,99.4,2021,Anthony Boone,43_Anthony_Boone
central connecticut state,8,24,-17.43,66.2,92.2,2021,Patrick Sellers,44_Patrick_Sellers
central michigan,7,23,-12.56,68.8,95.4,2021,Tony Barbee,45_Tony_Barbee
charleston southern,6,25,-17.56,71.3,95.6,2021,Barclay Radebaugh *,47_Barclay_Radebaugh_*
charlotte,17,14,-1.62,66.7,105.1,2021,Ron Sanchez,48_Ron_Sanchez
chattanooga ,27,8,6.12,66,111.6,2021,Lamont Paris,49_Lamont_Paris
chicago state,7,25,-14.24,66.7,93,2021,Gerald Gillion,50_Gerald_Gillion
cincinnati,18,15,7.44,68.6,101.2,2021,Wes Miller,51_Wes_Miller
clemson,17,16,9.59,66.6,106.8,2021,Brad Brownell,52_Brad_Brownell
cleveland state,20,11,-1.78,68.7,107.5,2021,Dennis Gates,53_Dennis_Gates
coastal carolina,19,14,0.66,67.6,106.6,2021,Cliff Ellis,54_Cliff_Ellis
colgate ,23,12,0.98,67.6,111.4,2021,Matt Langel,55_Matt_Langel
college of charleston,17,15,0.52,74.3,104.5,2021,Pat Kelsey,46_Pat_Kelsey
colorado,21,12,9.82,68.4,103.2,2021,Tad Boyle,56_Tad_Boyle
colorado state ,25,6,11.51,66,110.4,2021,Niko Medved,57_Niko_Medved
columbia,4,22,-17.5,71,94.5,2021,Jim Engles,58_Jim_Engles
uconn,23,10,16.4,66.8,109.9,2021,Dan Hurley,314_Dan_Hurley
coppin state,9,23,-12.78,74.4,90,2021,Juan Dixon,59_Juan_Dixon
cornell,15,11,-3.41,73.5,107.2,2021,Brian Earl,60_Brian_Earl
creighton ,23,12,11.34,68.1,100.5,2021,Greg McDermott,61_Greg_McDermott
dartmouth,9,16,-4.12,66.8,100.8,2021,David McLaughlin,62_David_McLaughlin
davidson ,27,7,10.43,66.1,113.8,2021,Bob McKillop,63_Bob_McKillop
dayton,24,11,10.41,64.4,107.1,2021,Anthony Grant,64_Anthony_Grant
delaware ,22,13,0.32,68,107.2,2021,Martin Ingelsby,66_Martin_Ingelsby
delaware state,2,26,-22.63,71,88,2021,Stan Waterman,67_Stan_Waterman
denver,11,21,-10.12,68.5,101.7,2021,Jeff Wulbrun,68_Jeff_Wulbrun
depaul,15,16,7.83,70.4,103.7,2021,Tony Stubblefield,65_Tony_Stubblefield
detroit mercy,14,16,-6.33,65.8,107.5,2021,Mike Davis,69_Mike_Davis
drake,25,11,7.34,66.4,109,2021,Darian DeVries,70_Darian_DeVries
drexel,15,14,-0.29,68,106.1,2021,Zach Spiker,71_Zach_Spiker
duke ,32,7,19.55,68.2,117,2021,Mike Krzyzewski,72_Mike_Krzyzewski
duquesne,6,24,-6.34,66.9,95.9,2021,Keith Dambrot,73_Keith_Dambrot
east carolina,15,15,0.49,68.9,99,2021,Joe Dooley,74_Joe_Dooley
east tennessee state,15,17,-2.76,66.6,107.8,2021,Desmond Oliver,75_Desmond_Oliver
eastern illinois,5,26,-21.07,66.6,84.6,2021,Marty Simmons,77_Marty_Simmons
eastern kentucky,13,18,-6.75,73,106.5,2021,A.W. Hamilton,78_A.W._Hamilton
eastern michigan,10,21,-10.86,70.7,95.4,2021,Stan Heath,79_Stan_Heath
eastern washington,18,16,-5.2,71.6,106.5,2021,David Riley,80_David_Riley
elon,10,22,-6.15,67.3,99.8,2021,Mike Schrage,81_Mike_Schrage
evansville,6,24,-10.95,64.2,90.3,2021,Todd Lickliter,82_Todd_Lickliter
fairfield,15,18,-3.88,65.5,102.5,2021,Jay Young,83_Jay_Young
fdu,4,22,-18.13,70.4,94.6,2021,Greg Herenda,84_Greg_Herenda
florida,20,14,11.93,66.8,104.9,2021,Michael White,87_Michael_White
florida a&m,13,17,-12.05,67.3,95.9,2021,Robert McCullum,85_Robert_McCullum
florida atlantic,19,15,2.63,68.7,107.4,2021,Dusty May,86_Dusty_May
florida gulf coast,22,12,-3.07,70.3,108.1,2021,Michael Fly,88_Michael_Fly
florida international,15,17,-6.47,69,100.6,2021,Jeremy Ballard,89_Jeremy_Ballard
florida state,17,14,6.39,68.6,102.7,2021,Leonard Hamilton *,90_Leonard_Hamilton_*
fordham,16,16,-0.89,68.6,94.8,2021,Kyle Neptune *,91_Kyle_Neptune
fresno state,23,13,8.36,62.4,104.2,2021,Justin Hutson,92_Justin_Hutson
furman,22,12,6.2,66.1,115,2021,Bob Richey,93_Bob_Richey
gardner-webb,18,13,-2.35,69.7,99.7,2021,Tim Craft,94_Tim_Craft
george mason,14,16,4.18,66.6,104,2021,Kim English,95_Kim_English
george washington,12,18,-4.07,69.7,96.9,2021,Jamion Christian,96_Jamion_Christian
georgetown,6,25,1.71,71,99.5,2021,Patrick Ewing,97_Patrick_Ewing
georgia,6,26,-0.63,69.8,100,2021,Tom Crean,98_Tom_Crean
georgia southern,13,16,-7.04,67.1,98.1,2021,Brian Burg,99_Brian_Burg
georgia state ,18,11,-1.11,68.6,101.7,2021,Rob Lanier,100_Rob_Lanier
georgia tech,12,20,2.24,68.6,98.4,2021,Josh Pastner *,101_Josh_Pastner_*
gonzaga ,28,4,25.46,73.8,118.1,2021,Mark Few,102_Mark_Few
grambling,12,20,-12.35,70.5,92.8,2021,Donte Jackson,103_Donte_Jackson
grand canyon,23,8,5.81,67.7,105,2021,Bryce Drew,104_Bryce_Drew
green bay,5,25,-13.89,64.9,95.1,2021,Will Ryan,105_Will_Ryan
hampton,9,19,-13.54,69.2,92.8,2021,Edward Joyner Jr,106_Edward_Joyner_Jr
hartford,12,20,-10.03,67.1,103.7,2021,John Gallagher,
harvard,13,13,-4.68,69.7,101.1,2021,Tommy Amaker,107_Tommy_Amaker
hawaii,17,11,-0.52,66.2,104.1,2021,Eran Ganot,108_Eran_Ganot
high point,14,18,-6.53,67.7,100,2021,Tubby Smith,109_Tubby_Smith
hofstra,21,11,1.8,70.5,109.7,2021,Speedy Claxton,110_Speedy_Claxton
holy cross,9,22,-16.84,67.9,96.1,2021,Brett Nelson,111_Brett_Nelson
houston ,32,6,22.55,65,113.9,2021,Kelvin Sampson,113_Kelvin_Sampson
houston christian,11,18,-14.47,72.2,102.9,2021,Ron Cottrell,112_Ron_Cottrell
howard,16,13,-6.76,73.4,103.6,2021,Kenneth Blakeney,114_Kenneth_Blakeney
idaho,9,22,-13.19,71.3,101.5,2021,Zac Claus,117_Zac_Claus
idaho state,7,23,-14.96,65.9,97.2,2021,Ryan Looney,116_Ryan_Looney
illinois ,23,10,16.69,67.9,108.8,2021,Brad Underwood *,118_Brad_Underwood_*
illinois state,13,20,-0.78,69.2,104.4,2021,Dan Muller,119_Dan_Muller
illinois-chicago,14,16,-8.78,69.4,102.4,2021,Luke Yaklich,
incarnate word,7,25,-17.03,68.4,97.9,2021,Carson Cunningham,120_Carson_Cunningham
indiana ,21,14,12.71,67.9,103.2,2021,Mike Woodson,121_Mike_Woodson
indiana state,11,20,-3.49,69.4,99.4,2021,Josh Schertz,122_Josh_Schertz
iona,25,8,5.47,70.2,106.3,2021,Rick Pitino *,123_Rick_Pitino_*
iowa ,26,10,18.9,70.3,117.5,2021,Fran McCaffery,124_Fran_McCaffery
iowa state ,22,13,12.38,67.2,96.9,2021,T.J. Otzelberger,125_T.J._Otzelberger
iu indy,3,26,-23.61,63.4,82.7,2021,Matt Crenshaw,115_Matt_Crenshaw
jackson state,11,19,-10.1,65.9,92.1,2021,Wayne Brent,126_Wayne_Brent
jacksonville,21,10,-2.06,63.1,106,2021,Jordan Mincy,127_Jordan_Mincy
jacksonville state ,21,11,-0.19,66.9,108.6,2021,Ray Harper,128_Ray_Harper
james madison,15,14,-4.13,70.5,105.1,2021,Mark Byington,129_Mark_Byington
kansas ,34,6,22.28,69.5,111.5,2021,Bill Self,131_Bill_Self
kansas city,19,12,-5.49,70.2,106.2,2021,Billy Donlon,130_Billy_Donlon
kansas state,14,17,10.61,67.4,101.5,2021,Bruce Weber,132_Bruce_Weber
kennesaw state,13,18,-4.51,68.3,107.7,2021,Amir Abdur-Rahim,133_Amir_Abdur-Rahim
kent state,23,11,-0.13,67.5,105.6,2021,Rob Senderoff,134_Rob_Senderoff
kentucky ,26,8,20.9,69.2,114,2021,John Calipari *,135_John_Calipari_*
la salle,11,19,-3.5,68.4,97.4,2021,Ashley Howard,137_Ashley_Howard
lafayette,10,20,-12.6,66,100.7,2021,Fran O'Hanlon,138_Fran_O'Hanlon
lamar,2,27,-15.86,67.5,90.8,2021,Alvin Brooks,139_Alvin_Brooks
lehigh,13,19,-10.82,68.8,99.1,2021,Brett Reed,141_Brett_Reed
liberty,22,11,1.86,66,110.3,2021,Ritchie McKay,142_Ritchie_McKay
lipscomb,14,19,-8.42,71.2,104,2021,Lennie Acuff,143_Lennie_Acuff
little rock,9,19,-12.05,68,96.4,2021,Darrell Walker,144_Darrell_Walker
long beach state,20,13,-0.65,71.7,101.9,2021,Dan Monson,145_Dan_Monson
long island university,16,14,-7.62,73.3,101.2,2021,Derek Kellogg,146_Derek_Kellogg
longwood ,26,7,-0.35,67.8,110.8,2021,Griff Aldrich,147_Griff_Aldrich
louisiana,16,15,-2.71,70.5,100,2021,Bob Marlin,148_Bob_Marlin
louisiana state ,22,12,17.45,70.4,102.3,2021,Will Wade,162_Will_Wade
louisiana tech,24,10,5.23,70,107.4,2021,Eric Konkol,149_Eric_Konkol
louisiana-monroe,13,18,-8.7,69.7,102.6,2021,Keith Richard,316_Keith_Richard
louisville,13,19,4.23,67.5,98.9,2021,Mike Pegues,150_Chris_Mack
loyola (il) ,25,8,13.39,65.7,109.2,2021,Drew Valentine,151_Drew_Valentine
loyola (md),14,16,-8.4,66.7,98.3,2021,Tavaras Hardy,152_Tavaras_Hardy
loyola marymount,11,18,-1.93,67.5,101.8,2021,Stan Johnson,153_Stan_Johnson
maine,6,23,-18.38,66.6,93.8,2021,Jai Steadman,154_Richard_Barron
manhattan,15,15,-7.64,69.5,100.8,2021,Steve Masiello,155_Steve_Masiello
marist,14,16,-4.26,66.9,101.5,2021,John Dunne,156_John_Dunne
marquette ,19,13,11.36,71.6,102.7,2021,Shaka Smart,157_Shaka_Smart
marshall,12,21,-4.57,73.3,100.9,2021,Dan D'Antoni II,158_Dan_D'Antoni_II
maryland,15,17,9.34,67.4,104.4,2021,Mark Turgeon,160_Mark_Turgeon
maryland-baltimore county,18,14,-6.06,68.8,106.7,2021,Jim Ferry,317_Jim_Ferry
maryland-eastern shore,11,16,-13.1,70.1,93.1,2021,Jason Crafton,
massachusetts,15,17,-0.67,69.2,108.1,2021,Matt McCall,161_Matt_McCall
massachusetts-lowell,15,16,-7.08,68.9,101.8,2021,Pat Duquette,318_Pat_Duquette
mcneese,11,22,-11.76,74.2,103,2021,John Aiken,162_John_Aiken
memphis ,22,11,14.67,71,105.8,2021,Anfernee Hardaway,163_Anfernee_Hardaway
mercer,16,17,-3.41,66.3,105.5,2021,Greg Gary,164_Greg_Gary
merrimack,14,16,-10.86,64,95.2,2021,Joe Gallo,166_Joe_Gallo
miami (fl) ,26,11,11.22,67.8,108.6,2021,Jim Larranaga,168_Jim_Larranaga
miami (oh),14,18,-6.35,68.9,108.3,2021,Jack Owens,167_Jack_Owens
michigan ,19,15,14.26,67.5,107.7,2021,Juwan Howard,170_Juwan_Howard
michigan state ,23,13,13.18,67.9,106.4,2021,Tom Izzo,169_Tom_Izzo
middle tennessee,26,11,4.5,68.2,107.6,2021,Nick McDevitt,171_Nick_McDevitt
milwaukee,10,22,-13.19,68,95.3,2021,Pat Baldwin,172_Pat_Baldwin
minnesota,13,17,5.93,65.5,101.5,2021,Ben Johnson,173_Ben_Johnson
mississippi,13,19,6.72,67,100.5,2021,Kermit Davis Jr,220_Kermit_Davis_Jr
mississippi state,18,16,11.83,66.6,104.6,2021,Ben Howland,174_Ben_Howland
mississippi valley state,2,26,-22.15,72.6,90.5,2021,Lindsey Hunter Jr,175_Lindsey_Hunter_Jr
missouri,12,21,2.94,67.4,96.8,2021,Cuonzo Martin,177_Cuonzo_Martin
missouri state,23,11,8.29,68.1,112.7,2021,Dana Ford,176_Dana_Ford
monmouth,21,13,-0.39,67.1,101.5,2021,King Rice,178_King_Rice
montana,18,14,-6.48,67.5,106.5,2021,Travis DeCuire,179_Travis_DeCuire
montana state ,27,8,-0.26,69.5,108.9,2021,Danny Sprinkle,180_Danny_Sprinkle
morehead state,23,11,0.79,66.6,104.7,2021,Preston Spradlin,181_Preston_Spradlin
morgan state,13,15,-12.62,75.7,98.6,2021,Kevin Broadus,182_Kevin_Broadus
mount st. mary's,14,16,-8.2,65.3,100.5,2021,Dan Engelstad,183_Dan_Engelstad
murray state ,31,3,9.87,68.3,115.5,2021,Matt McMahon,184_Matt_McMahon
navy,21,11,-2.94,64.7,99.7,2021,Ed DeChellis,187_Ed_DeChellis
nc state,11,21,3.77,67.9,105.4,2021,Kevin Keatts,185_Kevin_Keatts
nebraska,10,22,3,72,99.8,2021,Fred Hoiberg,188_Fred_Hoiberg
nevada,13,18,3.71,71.2,101.8,2021,Steve Alford,189_Steve_Alford
nevada-las vegas,18,14,7.2,67,104.3,2021,Kevin Kruger,322_Kevin_Kruger
new hampshire,15,13,-6.32,63.6,108.2,2021,Bill Herrion,190_Bill_Herrion
new mexico,13,19,1.25,71.5,103,2021,Richard Pitino,191_Richard_Pitino
new mexico state ,27,7,7.11,68.3,105.7,2021,Chris Jans,192_Chris_Jans
new orleans,18,14,-7.88,74.9,102.2,2021,Mark Slessinger,193_Mark_Slessinger
niagara,14,16,-3.09,65.7,101.3,2021,Greg Paulus,194_Greg_Paulus
nicholls state,21,12,-3.62,72.5,107.5,2021,Austin Claunch,195_Austin_Claunch
njit,11,18,-14.63,67.3,92.4,2021,Brian Kennedy,186_Brian_Kennedy
norfolk state ,24,7,-3.91,70.7,105,2021,Robert Jones,196_Robert_Jones
north alabama,9,21,-11.33,70.6,97.4,2021,Tony Pujol,197_Tony_Pujol
north carolina ,29,10,15.5,70.3,109.7,2021,Hubert Davis,200_Hubert_Davis
north carolina a&t,12,20,-9.91,68.5,98.1,2021,Willie Jones,198_Willie_Jones
north carolina central,16,15,-11.39,70.9,101.5,2021,LeVelle Moton,199_LeVelle_Moton
north dakota,6,25,-16.57,69.4,100.9,2021,Paul Sather,201_Paul_Sather
north dakota state,23,10,-1.6,68.2,108,2021,David Richman,202_David_Richman
north florida,11,20,-8.35,69.1,98.4,2021,Matthew Driscoll,203_Matthew_Driscoll
north texas,25,7,8.98,60.6,106.5,2021,Grant McCasland,204_Grant_McCasland
northeastern,9,22,-6,65.4,97.5,2021,Bill Coen,205_Bill_Coen
northern arizona,9,23,-13.5,67.8,98.8,2021,Shane Burcar,206_Shane_Burcar
northern colorado,22,16,-4.53,70.7,109.2,2021,Steve Smiley,207_Steve_Smiley
northern illinois,9,21,-10.5,68.6,93.1,2021,Rashon Burno,208_Rashon_Burno
northern iowa,20,12,5.79,67.6,108,2021,Ben Jacobson,209_Ben_Jacobson
northern kentucky,20,12,-3.19,65.6,104.9,2021,Darrin Horn,210_Darrin_Horn
northwestern,15,16,8.91,68.8,104.4,2021,Chris Collins,212_Chris_Collins
northwestern state,9,23,-14.06,73.2,100.9,2021,Mike McConathy,211_Mike_McConathy
notre dame ,24,11,11.87,65.9,108.6,2021,Mike Brey,213_Mike_Brey
oakland,20,12,-1.52,69,107.3,2021,Greg Kampe,214_Greg_Kampe
ohio,25,10,1.5,69,107.3,2021,Jeff Boals,215_Jeff_Boals
ohio state ,20,12,14.17,65.1,110.9,2021,Chris Holtmann,216_Chris_Holtmann
oklahoma,19,16,14.12,66.1,103,2021,Porter Moser,217_Porter_Moser
oklahoma state,15,15,13.28,68.8,96.9,2021,Michael Boynton,218_Michael_Boynton
old dominion,13,19,-1.32,65.7,100.8,2021,Jeff Jones,219_Jeff_Jones
omaha,5,25,-16.99,71.4,97.4,2021,Derrin Hansen,221_Derrin_Hansen
oral roberts,19,12,-0.84,72.2,114.4,2021,Paul Mills,222_Paul_Mills
oregon,20,15,10.05,68.4,105,2021,Dana Altman,
oregon state,3,28,-1.44,67.8,99.1,2021,Wayne Tinkle,
pacific,8,22,-8.02,69.5,94.3,2021,Leonard Perry,225_Leonard_Perry
penn state,14,17,8.72,62.8,101.6,2021,Micah Shrewsberry,226_Micah_Shrewsberry
pennsylvania,12,16,-3.93,69,103.4,2021,Steve Donahue,227_Steve_Donahue
pepperdine,7,25,-7.04,71.7,94.4,2021,Lorenzo Romar,228_Lorenzo_Romar
pittsburgh,11,21,0.45,64.2,95.8,2021,Jeff Capel III *,229_Jeff_Capel_III_*
portland,19,15,-1.71,72,102.7,2021,Shantay Legans,230_Shantay_Legans
portland state,14,17,-7.7,72.2,101,2021,Jase Coburn,231_Jase_Coburn
prairie view,8,19,-10.47,71.8,95.5,2021,Byron Smith,232_Byron_Smith
presbyterian,12,20,-8.47,66.5,98.5,2021,Quinton Ferrell,233_Quinton_Ferrell
princeton,23,7,2.65,68.7,114.7,2021,Mitch Henderson,234_Mitch_Henderson
providence ,27,6,13.08,65.9,106.4,2021,Ed Cooley,235_Ed_Cooley
purdue ,29,8,19.15,66.7,117.8,2021,Matt Painter,236_Matt_Painter
purdue fort wayne,21,12,-5.59,69.4,104.3,2021,Jon Coffman,237_Jon_Coffman
quinnipiac,14,17,-5.56,69.3,103.2,2021,Baker Dunleavy,238_Baker_Dunleavy
radford,11,18,-9.23,65.4,95.3,2021,Darris Nichols,239_Darris_Nichols
rhode island,15,16,2.92,68.2,98.5,2021,David Cox,240_David_Cox
rice,16,17,-2.74,68.4,106.8,2021,Scott Pera,241_Scott_Pera
richmond ,24,13,7.07,67.4,104.8,2021,Chris Mooney,242_Chris_Mooney
rider,14,19,-5.87,68.3,98.2,2021,Kevin Baggett,243_Kevin_Baggett
robert morris,8,24,-12.5,67.7,101.7,2021,Andrew Toole,244_Andrew_Toole
rutgers ,18,14,8.78,65.5,102.9,2021,Steve Pikiell,245_Steve_Pikiell
sacramento state,11,18,-12.06,66.4,98.1,2021,Brandon Laird,249_Brandon_Laird
sacred heart,10,20,-13.41,69.3,104,2021,Anthony Latina,250_Anthony_Latina
saint francis (pa),9,21,-14.57,68.9,98.4,2021,Rob Krimmel,
saint joseph's,11,19,1,68.5,97.9,2021,Billy Lange,251_Billy_Lange
saint louis,23,12,9.83,69,109.2,2021,Travis Ford,252_Travis_Ford
saint mary's (ca) ,26,8,14.82,65.5,106.5,2021,Randy Bennett,253_Randy_Bennett
saint peter's ,22,12,2.96,66.7,99.7,2021,Shaheen Holloway,254_Shaheen_Holloway
sam houston,19,14,0.07,68.8,99.7,2021,Jason Hooten,255_Jason_Hooten
samford,21,11,-3.01,70.5,105.1,2021,Bucky McMillan,256_Bucky_McMillan
san diego,15,16,-3.32,67.4,96.9,2021,Sam Scholl,258_Sam_Scholl
san diego state ,23,9,13.13,65.3,99,2021,Brian Dutcher,257_Brian_Dutcher
san francisco ,24,10,14.12,70.9,108.7,2021,Todd Golden,259_Todd_Golden
san jose state,8,23,-7.01,66.3,96.5,2021,Tim Miles,260_Tim_Miles
santa clara,21,12,8.98,71.4,107.8,2021,Herb Sendek,261_Herb_Sendek
seattle,23,9,1.96,71.8,103.8,2021,Chris Victor,262_Chris_Victor
seton hall ,21,11,12.75,68.7,104.3,2021,Kevin Willard,263_Kevin_Willard
siena,15,14,-6.4,67.2,97.4,2021,Carmen Maciariello,264_Carmen_Maciariello
south alabama,21,12,0.23,67.5,105.2,2021,Richie Riley,265_Richie_Riley
south carolina,18,13,7.14,72.2,97.9,2021,Frank Martin,266_Frank_Martin
south carolina state,15,16,-13.04,73.7,96.3,2021,Tony Madlock,267_Tony_Madlock
south carolina upstate,15,17,-9.01,69.4,102.1,2021,Dave Dickerson,268_Dave_Dickerson
south dakota,19,12,-4.43,67.5,110.5,2021,Todd Lee,269_Todd_Lee
south dakota state ,30,5,6.6,71.7,119.3,2021,Eric Henderson,270_Eric_Henderson
south florida,8,23,-3.05,65.9,87.2,2021,Brian Gregory,271_Brian_Gregory
southeast missouri state,14,18,-7.19,72.6,103.7,2021,Brad Korn,272_Brad_Korn
southeastern louisiana,19,15,-9.03,73.4,106.9,2021,David Kiefer,246_David_Kiefer
southern,17,14,-5.17,72.1,99.3,2021,Sean Woods,274_Sean_Woods
southern california ,26,8,12.5,67.5,106.5,2021,Andy Enfield,
southern illinois,16,15,2.83,62.9,101.7,2021,Bryan Mullins,273_Bryan_Mullins
siu edwardsville,11,21,-10.37,69.1,96.6,2021,Brian Barone,247_Brian_Barone
southern methodist,24,9,11.14,69.5,105.8,2021,Tim Jankovich,248_Tim_Jankovich
southern mississippi,7,26,-13.58,68.3,93.6,2021,Jay Ladner,275_Jay_Ladner
southern utah,23,12,-1.51,70.8,108.3,2021,Todd Simon,276_Todd_Simon
st. bonaventure,23,10,8.27,66.2,105.2,2021,Mark Schmidt,277_Mark_Schmidt
st. francis  ,10,20,-13.49,68.2,97.7,2021,Rob Krimmel,
st. john's  ,17,15,11.95,74.2,106.4,2021,Mike Anderson Sr,279_Mike_Anderson_Sr
st. thomas,10,20,-11.15,68.2,109.5,2021,John Tauer,280_John_Tauer
stanford,16,16,6.27,66.8,99,2021,Jerod Haase,
stephen f. austin,22,10,2.43,71.9,103.3,2021,Kyle Keller *,282_Kyle_Keller_*
stetson,11,19,-10.34,67.5,101.5,2021,Donnie Jones *,283_Donnie_Jones_*
stony brook,18,13,-6.63,68.6,105.9,2021,Geno Ford,285_Geno_Ford
syracuse,16,17,10.12,68.5,110.9,2021,Jim Boeheim *,286_Jim_Boeheim_*
tarleton state,14,17,-3.18,65.7,97.8,2021,Billy Gillispie,288_Billy_Gillispie
tcu ,21,13,13.72,67.2,101.1,2021,Jamie Dixon,287_Jamie_Dixon
temple,17,12,4.61,67.1,98.6,2021,Aaron McKie,289_Aaron_McKie
tennessee ,27,8,20.46,68.6,106.2,2021,Rick Barnes,292_Rick_Barnes
tennessee state,14,18,-9.34,69.8,101.8,2021,Brian Collins,290_Brian_Collins
tennessee tech,11,21,-7.27,70.6,102.2,2021,John Pelphrey,291_John_Pelphrey
tennessee-martin,8,22,-11.13,70.6,97.6,2021,Ryan Ridder,325_Ryan_Ridder
texas ,22,12,17.01,64.5,105.9,2021,Chris Beard,295_Chris_Beard
texas a&m,27,13,12.93,68.6,104.7,2021,Buzz Williams,293_Buzz_Williams
texas a&m-corpus christi ,23,12,-6.78,72.3,105.5,2021,Steve Lutz,294_Steve_Lutz
texas southern ,19,13,-3.3,69.7,98.6,2021,Johnny Jones,296_Johnny_Jones
texas state,21,8,0.14,65.6,107,2021,Terrence Johnson,297_Terrence_Johnson
texas tech ,27,10,20.08,67.3,106,2021,Mark Adams,298_Mark_Adams
texas-rio grande valley,8,23,-10.18,73.2,97.5,2021,Matt Figger,326_Matt_Figger
the citadel,13,18,-6.8,71,106,2021,Duggar Baucom,299_Duggar_Baucom
toledo,26,8,6.26,70.3,113.7,2021,Tod Kowalczyk,300_Tod_Kowalczyk
towson,25,9,6.47,66.2,109.7,2021,Pat Skerry,301_Pat_Skerry
troy,20,12,-3.56,68.6,99.3,2021,Scott Cross,302_Scott_Cross
tulane,14,15,6.74,69.3,104.1,2021,Ron Hunter,303_Ron_Hunter
tulsa,11,20,1.56,67.3,100.1,2021,Frank Haith *,304_Frank_Haith_*
uab ,27,8,10.9,70.4,112.9,2021,Andy Kennedy,305_Andy_Kennedy
uc davis,13,11,-3.7,67.9,99.4,2021,Jim Les,307_Jim_Les
uc irvine,15,10,1.59,66.1,100.3,2021,Russ Turner,308_Russ_Turner
uc riverside,16,12,-0.92,66.1,99.5,2021,Mike Magpayo,309_Mike_Magpayo
uc san diego,13,16,-7.04,68.5,102,2021,Eric Olen,310_Eric_Olen
uc santa barbara,17,11,1.38,67,107.8,2021,Joe Pasternack,311_Joe_Pasternack
ucf,18,12,6.23,68.1,102.2,2021,Johnny Dawkins Jr,312_Johnny_Dawkins_Jr
ucla ,27,8,19.3,66.5,111.4,2021,Mick Cronin,
unc asheville,17,15,-4.52,68,108.3,2021,Mike Morrell,319_Mike_Morrell
unc greensboro,17,15,-2.47,63.2,101.8,2021,Mike Jones,320_Mike_Jones
unc wilmington,27,9,-0.66,66.7,105.8,2021,Takayo Siddle,321_Takayo_Siddle
ut arlington,11,18,-5.49,66.5,97.6,2021,Greg Young,324_Greg_Young
utah,11,20,5.45,67.2,102.9,2021,Craig Smith,
utah state,18,16,10.41,67.3,107.5,2021,Ryan Odom,329_Ryan_Odom
utah tech,13,18,-8.53,73.9,97.6,2021,Jon Judkins,330_Jon_Judkins
utah valley,20,12,2.37,68.2,102.5,2021,Mark Madsen,332_Mark_Madsen
utep,20,14,0.27,67.9,101.1,2021,Joe Golding,327_Joe_Golding
utsa,10,22,-10.46,70,95.7,2021,Steve Henson,328_Steve_Henson
valparaiso,14,18,-1.61,67.4,101.8,2021,Matt Lottich,335_Matt_Lottich
vanderbilt,19,17,11,68.9,102,2021,Jerry Stackhouse,336_Jerry_Stackhouse
vermont ,28,6,7.81,65.1,114.4,2021,John Becker,337_John_Becker
villanova ,30,8,19.31,63.6,112.4,2021,Jay Wright,338_Jay_Wright
virginia,21,14,8.88,59.9,103.7,2021,Tony Bennett,339_Tony_Bennett
virginia commonwealth,22,10,9.83,68.6,97.4,2021,Mike Rhoades,333_Mike_Rhoades
vmi,16,16,-2.47,69.2,112.9,2021,Dan Earl,334_Dan_Earl
virginia tech ,23,13,14.48,63.6,111,2021,Mike Young,340_Mike_Young
wagner,21,6,-1.12,68.3,107,2021,Bashir Mason,341_Bashir_Mason
wake forest,25,10,13.24,71.2,108.7,2021,Steve Forbes,342_Steve_Forbes
washington,17,15,5.03,70.4,99.1,2021,Mike Hopkins,
washington state,22,15,12.57,67.4,105.6,2021,Kyle Smith,
weber state,21,12,-1.73,71.1,106.8,2021,Randy Rahe,345_Randy_Rahe
west virginia,16,17,10.23,68.5,99.9,2021,Bob Huggins,347_Bob_Huggins
western carolina,11,21,-10.48,69.3,100.8,2021,Justin Gray,348_Justin_Gray
western illinois,16,16,-6.34,72.4,106,2021,Rob Jeter,349_Rob_Jeter
western kentucky,19,13,3.3,71,106.3,2021,Rick Stansbury,350_Rick_Stansbury
western michigan,8,23,-13.51,66.5,97.1,2021,Clayton Bates,351_Clayton_Bates
wichita state,15,13,8.11,67.8,99.6,2021,Isaac Brown,352_Isaac_Brown
william & mary,5,27,-13.91,69.9,90.3,2021,Dane Fischer,353_Dane_Fischer
winthrop,23,9,-1.56,69.3,107.3,2021,Mark Prosser,354_Mark_Prosser
wisconsin ,25,8,13.13,67,104.4,2021,Greg Gard,355_Greg_Gard
wofford,19,13,2.01,65.6,110.2,2021,Jay McAuley,356_Jay_McAuley
wright state ,22,14,-1.94,70,108.3,2021,Scott Nagy,357_Scott_Nagy
wyoming ,25,9,9.36,66.3,107.8,2021,Jeff Linder,358_Jeff_Linder
xavier,23,13,13.23,69.1,105.8,2021,Travis Steele,359_Travis_Steele
yale ,19,12,-0.1,70.3,101.8,2021,James Jones,360_James_Jones
youngstown state,19,15,-6.28,67.6,107.1,2021,Jerrod Calhoun,361_Jerrod_Calhoun
Abilene Christian,16,18,-4.12,71.1,100.3,2023,Brette Tanner,1_Brette_Tanner
Air Force,9,22,-4.77,63.4,103.6,2023,Joe Scott,2_Joe_Scott
Akron ,24,11,2.77,66.9,109.6,2023,John Groce,3_John_Groce
Alabama ,25,12,20.69,73.9,121.1,2023,Nate Oats,5_Nate_Oats
Alabama A&M,12,23,-14.35,71.7,95.8,2023,Otis Hughley Jr.,4_Otis_Hughley_Jr.
Alabama State,13,19,-11.73,69.7,97,2023,Tony Madlock,267_Tony_Madlock
Albany ,13,19,-6.6,74.6,105.1,2023,Dwayne Killings,306_Dwayne_Killings
Alcorn State,14,18,-11.58,68.3,104.8,2023,Landon Bussie,7_Landon_Bussie
American,16,16,-8.96,63.1,108.1,2023,Duane Simpkins,
Appalachian State,27,7,6.04,69.3,110.7,2023,Dustin Kerns,9_Dustin_Kerns
Arizona ,27,9,24.54,73.3,116.8,2023,Tommy Lloyd,11_Tommy_Lloyd
Arizona State,14,18,4.58,70.6,97.5,2023,Bobby Hurley,10_Bobby_Hurley
Arkansas,16,17,6.12,72.2,106.1,2023,Eric Musselman,12_Eric_Musselman
Arkansas State,20,17,0.28,70,112.3,2023,Bryan Hodgson,
Arkansas-Pine Bluff,13,18,-15.56,74.3,107.8,2023,Solomon Bozeman,14_Solomon_Bozeman
Army,10,22,-14.67,63.1,94.5,2023,Kevin Kuwik,
Auburn ,27,8,22.46,70.9,117.2,2023,Bruce Pearl,16_Bruce_Pearl
Austin Peay,19,16,-6.13,65.9,111.6,2023,Corey Gipson,211_Corey_Gipson
Ball State,15,16,-6.68,67.8,107.2,2023,Michael Lewis,19_Michael_Lewis
Baylor ,24,11,19.5,66.8,117.8,2023,Scott Drew,20_Scott_Drew
Bellarmine,8,23,-11.79,66.8,103.1,2023,Scott Davenport,21_Scott_Davenport
Belmont,20,13,2.79,72,107.7,2023,Casey Alexander,22_Casey_Alexander
Bethune-Cookman,17,17,-11.87,71.8,100.4,2023,Reggie Theus,23_Reggie_Theus
Binghamton,15,15,-9.29,68.6,104.3,2023,Levell Sanders,24_Levell_Sanders
Boise State ,22,11,13.31,66.9,111.4,2023,Leon Rice,25_Leon_Rice
Boston College,20,16,9.48,67.7,108.7,2023,Earl Grant,26_Earl_Grant
Boston University,16,17,-9.93,65.9,99.7,2023,Joe Jones,27_Joe_Jones
Bowling Green State,20,14,-4.93,69.1,104.6,2023,Todd Simon,276_Todd_Simon
Bradley,23,12,9.48,66.9,109.5,2023,Brian Wardle,29_Brian_Wardle
Brigham Young ,23,11,19.33,69.9,116.4,2023,Mark Pope,18_Mark_Pope
Brown,13,18,-3.6,67.8,103.6,2023,Mike Martin,30_Mike_Martin
Bryant,20,13,-3.06,76,102.9,2023,Phil Martelli Jr.,
Bucknell,14,19,-8.33,64.1,100.6,2023,John Griffin III,
Buffalo,4,27,-15.12,70.5,96.1,2023,George Halcovage III,
Butler,18,15,12.18,69.4,108.6,2023,Thad Matta,34_Thad_Matta
Cal Poly,4,28,-13.64,66.7,94.3,2023,John Smith,35_John_Smith
Cal State Bakersfield,13,19,-5.37,66.3,102.4,2023,Rod Barnes,36_Rod_Barnes
Cal State Fullerton,14,18,-5.15,67.5,100.2,2023,Dedrique Taylor,37_Dedrique_Taylor
Cal State Northridge,19,15,-4.78,73.5,101.7,2023,Andy Newman,
California,13,19,4.94,69.7,103.7,2023,Mark Madsen,332_Mark_Madsen
California Baptist,16,17,-2.32,65.7,101.7,2023,Rick Croy,39_Rick_Croy
Campbell,14,18,-10.62,67,104.8,2023,Kevin McGeehan,41_Kevin_McGeehan
Canisius,14,18,-7.95,68.5,101.9,2023,Reggie Witherspoon,42_Reggie_Witherspoon
Central Arkansas,9,23,-15.7,70.7,101.7,2023,Anthony Boone,43_Anthony_Boone
Central Connecticut State,20,11,-8.15,68,105.2,2023,Patrick Sellers,44_Patrick_Sellers
Central Michigan,18,14,-8.07,66.3,97.6,2023,Tony Barbee,45_Tony_Barbee
Charleston Southern,10,20,-12.03,68.3,99,2023,Barclay Radebaugh *,47_Barclay_Radebaugh_*
Charlotte,19,12,4.09,63.1,108.1,2023,Aaron Fearne,48_Aaron_Fearne
Chattanooga,21,12,-0.21,68.5,112.9,2023,Dan Earl,334_Dan_Earl
Chicago State,13,19,-9.34,67.6,102.4,2023,Gerald Gillion,50_Gerald_Gillion
Cincinnati,22,15,15.06,68.4,107.8,2023,Wes Miller,51_Wes_Miller
Clemson ,24,12,16.2,67.8,113.4,2023,Brad Brownell,52_Brad_Brownell
Cleveland State,21,15,-3.47,68.6,109.2,2023,Daniyal Robinson,53_Daniyal_Robinson
Coastal Carolina,9,22,-10.47,71.5,102,2023,Benny Moss,
Colgate ,25,10,-0.31,66.4,107.5,2023,Matt Langel,55_Matt_Langel
College of Charleston ,27,8,4.09,70.4,114.6,2023,Pat Kelsey,46_Pat_Kelsey
Colorado ,26,11,15.95,69,113.8,2023,Tad Boyle,56_Tad_Boyle
Colorado State ,25,11,13.4,66.7,111.9,2023,Niko Medved,57_Niko_Medved
Columbia,13,14,-5.43,70,110,2023,Jim Engles,58_Jim_Engles
Connecticut ,37,3,26.7,66,123.3,2023,Dan Hurley,314_Dan_Hurley
Coppin State,2,27,-21.46,67.4,85.1,2023,Larry Stewart,
Cornell,22,8,3.58,71.9,114.2,2023,Brian Earl,60_Brian_Earl
Creighton ,25,10,20.07,67.6,116.2,2023,Greg McDermott,61_Greg_McDermott
Dartmouth,6,21,-13.99,66.3,93.3,2023,David McLaughlin,62_David_McLaughlin
Davidson,15,17,3.63,65.9,104.7,2023,Matt McKillop,63_Matt_McKillop
Dayton ,25,8,13.45,64.8,114.1,2023,Anthony Grant,64_Anthony_Grant
Delaware,19,14,-1.68,67.7,107.8,2023,Martin Ingelsby,66_Martin_Ingelsby
Delaware State,15,19,-10.51,70.2,98.7,2023,Stan Waterman,67_Stan_Waterman
Denver,17,17,-7.39,71.1,111.9,2023,Jeff Wulbrun,68_Jeff_Wulbrun
DePaul,3,29,-6.23,68.4,94.7,2023,Tony Stubblefield,65_Tony_Stubblefield
Detroit Mercy,1,31,-16.9,68,96.2,2023,Mike Davis,69_Mike_Davis
Drake ,28,7,11.08,68.4,113.9,2023,Darian DeVries,70_Darian_DeVries
Drexel,20,12,1.14,65.7,110.4,2023,Zach Spiker,71_Zach_Spiker
Duke ,27,9,20.67,67.1,117.1,2023,Jon Scheyer,72_Jon_Scheyer
Duquesne ,25,12,7.35,66.9,105.5,2023,Keith Dambrot,73_Keith_Dambrot
East Carolina,15,18,-0.62,65.8,104.5,2023,Michael Schwartz,74_Michael_Schwartz
East Tennessee State,19,16,-3.11,68.8,103.5,2023,Brooks Savage,
East Texas A&M,13,20,-14.52,68.7,100.8,2023,Jaret von Rosenberg,76_Jaret_von_Rosenberg
Eastern Illinois,14,18,-11.6,68.2,101,2023,Marty Simmons,77_Marty_Simmons
Eastern Kentucky,17,14,-5.42,71.8,112,2023,A.W. Hamilton,78_A.W._Hamilton
Eastern Michigan,13,18,-12.76,66.4,98.3,2023,Stan Heath,79_Stan_Heath
Eastern Washington,21,11,-1.03,70.9,113.6,2023,David Riley,80_David_Riley
Elon,13,19,-11.43,68,107.5,2023,Billy Taylor,81_Billy_Taylor
Evansville,17,18,-3.69,69.6,101.1,2023,David Ragland,82_David_Ragland
Fairfield,24,13,-3.17,68.9,109.6,2023,Chris Casey,
FDU,15,17,-14.41,73.6,102.4,2023,Jack Castleberry,
Florida ,24,12,15.17,73.1,115.1,2023,Todd Golden,259_Todd_Golden
Florida A&M,6,23,-15.82,69.9,94.5,2023,Robert McCullum,85_Robert_McCullum
Florida Atlantic ,25,9,13.26,69.1,116.2,2023,Dusty May,86_Dusty_May
Florida Gulf Coast,14,18,-6.28,65.6,106.9,2023,Patrick Chambers,88_Patrick_Chambers
Florida International,11,22,-8.01,72.1,101.8,2023,Jeremy Ballard,89_Jeremy_Ballard
Florida State,17,16,9.52,72.2,105.7,2023,Leonard Hamilton *,90_Leonard_Hamilton_*
Fordham,13,20,-0.46,69.3,99.8,2023,Keith Urgo *,91_Keith_Urgo
Fresno State,12,21,-3.29,66,101,2023,Justin Hutson,92_Justin_Hutson
Furman,17,16,0.21,71.2,109.9,2023,Bob Richey,93_Bob_Richey
Gardner-Webb,17,16,-4.66,70.2,103.5,2023,Tim Craft,94_Tim_Craft
George Mason,20,12,6.36,65,109.2,2023,Tony Skinn,
George Washington,15,17,-1.03,70.4,106.2,2023,Chris Caputo,96_Chris_Caputo
Georgetown,9,23,0.68,67.4,104.3,2023,Ed Cooley,235_Ed_Cooley
Georgia,20,17,8.63,70.6,105.4,2023,Michael White,87_Michael_White
Georgia Southern,9,24,-8.44,70.1,103.5,2023,Charlie Henry,
Georgia State,14,17,-4.59,70.6,107.4,2023,Jonas Hayes,100_Jonas_Hayes
Georgia Tech,14,18,4.6,68.2,102.5,2023,Damon Stoudamire,
Gonzaga ,27,8,17.93,69.8,121.1,2023,Mark Few,102_Mark_Few
Grambling ,21,15,-9.63,66.9,100.1,2023,Donte Jackson,103_Donte_Jackson
Grand Canyon ,30,5,10.45,69.8,112.9,2023,Bryce Drew,104_Bryce_Drew
Green Bay,18,14,-5.64,64.6,106,2023,Sundance Wicks,
Hampton,9,24,-15.82,70.8,101.4,2023,Edward Joyner Jr,106_Edward_Joyner_Jr
Harvard,14,13,-4.58,67.8,102.9,2023,Tommy Amaker,107_Tommy_Amaker
Hawaii,20,14,-0.07,67.4,106.1,2023,Eran Ganot,108_Eran_Ganot
High Point,27,9,2.15,69.3,119.4,2023,Alan Huss,
Hofstra,20,13,2.31,66.6,111,2023,Speedy Claxton,110_Speedy_Claxton
Holy Cross,10,23,-17.12,65.4,101.2,2023,Dave Paulsen,
Houston ,32,5,25.69,64.1,113.6,2023,Kelvin Sampson,113_Kelvin_Sampson
Houston Christian,6,23,-19.37,73.4,97,2023,Ron Cottrell,112_Ron_Cottrell
Howard ,18,17,-8.69,69.4,106.5,2023,Kenneth Blakeney,114_Kenneth_Blakeney
Idaho,11,21,-11.29,65.9,102.6,2023,Alex Pribble,
Idaho State,14,20,-7.49,64.9,106.7,2023,Ryan Looney,116_Ryan_Looney
Illinois ,29,9,19.56,70.1,118.2,2023,Brad Underwood *,118_Brad_Underwood_*
Illinois State,15,17,-1.38,65.3,101.9,2023,Ryan Pedon,119_Ryan_Pedon
Illinois-Chicago,12,21,-1.61,68.7,100.4,2023,Luke Yaklich,
Incarnate Word,8,23,-16.4,71.9,99.6,2023,Shane Heirman,
Indiana,19,14,7.74,69.4,104.2,2023,Mike Woodson,121_Mike_Woodson
Indiana State,32,7,13.44,71.4,118.4,2023,Josh Schertz,122_Josh_Schertz
Iona,16,17,-5.19,68,104.9,2023,Tobin Anderson,84_Tobin_Anderson
Iowa,19,15,13,72.6,114,2023,Fran McCaffery,124_Fran_McCaffery
Iowa State ,29,8,22.3,67.9,110.9,2023,T.J. Otzelberger,125_T.J._Otzelberger
IU Indy,6,26,-21.31,68.8,95.3,2023,Matt Crenshaw,115_Matt_Crenshaw
Jackson State,15,17,-11.5,70,101.4,2023,Mo Williams,6_Mo_Williams
Jacksonville,16,17,-9.84,68.6,104.4,2023,Jordan Mincy,127_Jordan_Mincy
Jacksonville State,14,18,-3.55,67.1,104,2023,Ray Harper,128_Ray_Harper
James Madison ,32,4,8.19,71.6,115,2023,Mark Byington,129_Mark_Byington
Kansas ,23,11,16.35,69.9,107.7,2023,Bill Self,131_Bill_Self
Kansas City,16,16,-5.32,67.3,105.2,2023,Marvin Menzies,130_Marvin_Menzies
Kansas State,19,15,11.06,68.4,102.8,2023,Jerome Tang,132_Jerome_Tang
Kennesaw State,15,16,-8.02,75.4,109,2023,Antoine Pettway,
Kent State,17,17,-0.76,67.7,108.5,2023,Rob Senderoff,134_Rob_Senderoff
Kentucky ,23,10,16.79,73.9,119.2,2023,John Calipari *,135_John_Calipari_*
La Salle,16,17,-1.62,67.3,106.4,2023,Fran Dunphy,137_Fran_Dunphy
Lafayette,11,21,-11.17,65.3,94.7,2023,Mike McGarvey,138_Mike_Jordan
Lamar,19,14,-5.47,70.5,108.7,2023,Alvin Brooks,139_Alvin_Brooks
Le Moyne,15,17,-11.07,69.2,104.3,2023,Nate Champion,
Lehigh,14,18,-7.47,69.9,101.6,2023,Brett Reed,141_Brett_Reed
Liberty,18,14,1.58,66,111,2023,Ritchie McKay,142_Ritchie_McKay
Lindenwood,9,22,-18.73,68.1,95.3,2023,Kyle Gerdeman,366_Kyle_Gerdeman
Lipscomb,20,12,-1.94,71.2,115.3,2023,Lennie Acuff,143_Lennie_Acuff
Little Rock,21,13,-3.42,69.9,109.8,2023,Darrell Walker,144_Darrell_Walker
Long Beach State ,21,15,-1.19,72.9,105.4,2023,Dan Monson,145_Dan_Monson
Long Island University,7,22,-17.86,71.3,92.5,2023,Rod Strickland,146_Rod_Strickland
Longwood ,21,14,-2.04,67.9,108.5,2023,Griff Aldrich,147_Griff_Aldrich
Louisiana,19,14,-0.6,70.4,107.8,2023,Bob Marlin,148_Bob_Marlin
Louisiana State,17,16,8.14,70.7,107.5,2023,Matt McMahon,184_Matt_McMahon
Louisiana Tech,22,10,4.83,67.5,109.9,2023,Talvin Hester,149_Talvin_Hester
Louisiana-Monroe,11,19,-10.05,69.1,100.7,2023,Keith Richard,316_Keith_Richard
Louisville,8,24,0.45,70.4,101.8,2023,Kenny Payne,150_Kenny_Payne
Loyola (IL),23,10,6.57,69.3,104.7,2023,Drew Valentine,151_Drew_Valentine
Loyola (MD),7,25,-16.17,65.7,96.4,2023,Tavaras Hardy,152_Tavaras_Hardy
Loyola Marymount,12,19,-0.06,66.4,109,2023,Stan Johnson,153_Stan_Johnson
Maine,15,17,-6.39,68.1,98.6,2023,Chris Markwood,154_Chris_Markwood
Manhattan,7,23,-15.28,69.2,94.4,2023,John Gallagher,
Marist,18,13,-5.64,65.5,98.6,2023,John Dunne,156_John_Dunne
Marquette ,27,10,19.27,69.4,112,2023,Shaka Smart,157_Shaka_Smart
Marshall,13,20,-5.42,72.5,101.7,2023,Dan D'Antoni II,158_Dan_D'Antoni_II
Maryland,16,17,10.6,66.3,103,2023,Kevin Willard,263_Kevin_Willard
Maryland-Baltimore County,11,21,-8.67,74.7,104.8,2023,Jim Ferry,317_Jim_Ferry
Maryland-Eastern Shore,9,20,-17.33,68.3,94.2,2023,Jason Crafton,
Massachusetts,20,11,7.59,69.2,111.5,2023,Frank Martin,266_Frank_Martin
Massachusetts-Lowell,22,10,-1.28,72.6,109.4,2023,Pat Duquette,318_Pat_Duquette
McNeese State ,30,4,6.42,67.6,118.3,2023,Will Wade,162_Will_Wade
Memphis,22,10,9,72,110.9,2023,Anfernee Hardaway,163_Anfernee_Hardaway
Mercer,16,17,-4.65,67.5,105.4,2023,Greg Gary,164_Greg_Gary
Merrimack,21,12,-5.24,68.6,100,2023,Joe Gallo,166_Joe_Gallo
Miami (FL),15,17,9.59,69.9,107.9,2023,Jim Larranaga,168_Jim_Larranaga
Miami (OH),15,17,-6.45,68.5,102.6,2023,Travis Steele,359_Travis_Steele
Michigan,8,24,5.28,68.9,104.6,2023,Juwan Howard,170_Juwan_Howard
Michigan State ,20,15,17.72,66.4,109.4,2023,Tom Izzo,169_Tom_Izzo
Middle Tennessee,14,19,-7.45,66.8,96.5,2023,Nick McDevitt,171_Nick_McDevitt
Milwaukee,20,15,-5.01,70.9,110.2,2023,Bart Lundy,172_Bart_Lundy
Minnesota,19,15,9.51,67.7,110.3,2023,Ben Johnson,173_Ben_Johnson
Mississippi,20,12,8.3,68.6,109.3,2023,Chris Beard,295_Chris_Beard
Mississippi State ,21,14,14.19,68.7,107.5,2023,Chris Jans,192_Chris_Jans
Mississippi Valley State,1,30,-26.17,66.2,83.4,2023,George Ivory,175_George_Ivory
Missouri,8,24,3.27,68.4,105,2023,Dennis Gates,53_Dennis_Gates
Missouri State,17,16,0.98,68.4,102.6,2023,Dana Ford,176_Dana_Ford
Monmouth,18,15,-3.17,68.1,106.4,2023,King Rice,178_King_Rice
Montana,24,12,-1.41,67.2,113.6,2023,Travis DeCuire,179_Travis_DeCuire
Montana State ,17,18,-5.34,69.7,106.4,2023,Matt Logie,
Morehead State ,26,9,0.51,66.2,113.7,2023,Preston Spradlin,181_Preston_Spradlin
Morgan State,11,20,-16.07,71.7,100.6,2023,Kevin Broadus,182_Kevin_Broadus
Mount St. Mary's,13,19,-6.54,69.3,103.7,2023,Dan Engelstad,183_Dan_Engelstad
Murray State,12,20,0.36,65.5,106.1,2023,Steve Prohm,184_Steve_Prohm
Navy,13,18,-11.7,65.4,100.8,2023,Ed DeChellis,187_Ed_DeChellis
NC State ,26,15,12.81,68.5,109.1,2023,Kevin Keatts,185_Kevin_Keatts
Nebraska ,23,11,14.36,69.4,110.8,2023,Fred Hoiberg,188_Fred_Hoiberg
Nevada ,26,8,12.85,66.9,113,2023,Steve Alford,189_Steve_Alford
Nevada-Las Vegas,21,13,8.38,66.2,109.5,2023,Kevin Kruger,322_Kevin_Kruger
New Hampshire,16,15,-6.15,73.3,100.7,2023,Nathan Davis,32_Nathan_Davis
New Mexico ,26,10,15.04,72.5,111.7,2023,Richard Pitino,191_Richard_Pitino
New Mexico State,13,19,-8.62,68.6,97.5,2023,Jason Hooten,255_Jason_Hooten
New Orleans,10,23,-16.8,73.2,100.1,2023,Mark Slessinger,193_Mark_Slessinger
Niagara,16,16,-8.4,67.9,105.5,2023,Greg Paulus,194_Greg_Paulus
Nicholls State,20,14,-7.14,67.8,105.5,2023,Tevon Saddler,
NJIT,7,21,-14.65,68.6,99,2023,Grant Billmeier,
Norfolk State,24,11,-5.76,68.3,108.7,2023,Robert Jones,196_Robert_Jones
North Alabama,15,17,-7.17,68.9,109.2,2023,Tony Pujol,197_Tony_Pujol
North Carolina ,29,8,21.36,71.3,114.6,2023,Hubert Davis,200_Hubert_Davis
North Carolina A&T,7,25,-16.31,68,96.4,2023,Monte Ross,
North Carolina Central,18,13,-7.88,69.2,109.9,2023,LeVelle Moton,199_LeVelle_Moton
North Dakota,18,14,-6.24,67.9,110.4,2023,Paul Sather,201_Paul_Sather
North Dakota State,15,17,-7.57,66.6,109.1,2023,David Richman,202_David_Richman
North Florida,16,16,-6.95,69.4,111.1,2023,Matthew Driscoll,203_Matthew_Driscoll
North Texas,19,15,8.41,63.2,108.7,2023,Ross Hodge,
Northeastern,12,20,-6.09,65.8,105.5,2023,Bill Coen,205_Bill_Coen
Northern Arizona,14,19,-12.17,69,98.7,2023,Shane Burcar,206_Shane_Burcar
Northern Colorado,19,14,-4.44,69.9,110.1,2023,Steve Smiley,207_Steve_Smiley
Northern Illinois,11,20,-9.16,69.7,103.7,2023,Rashon Burno,208_Rashon_Burno
Northern Iowa,19,14,3.83,67.7,107.3,2023,Ben Jacobson,209_Ben_Jacobson
Northern Kentucky,18,15,-3.66,69.7,105.8,2023,Darrin Horn,210_Darrin_Horn
Northwestern ,22,12,12.77,64.8,111.2,2023,Chris Collins,212_Chris_Collins
Northwestern State,9,23,-14.42,69.3,100.2,2023,Rick Cabrera,
Notre Dame,13,20,4.94,64.8,97.6,2023,Micah Shrewsberry,226_Micah_Shrewsberry
Oakland ,24,12,2.02,68,110.5,2023,Greg Kampe,214_Greg_Kampe
Ohio,20,13,0.48,68.3,111.9,2023,Jeff Boals,215_Jeff_Boals
Ohio State,22,14,13.64,67.4,110.9,2023,Chris Holtmann,216_Chris_Holtmann
Oklahoma,20,12,14.66,68.4,109.4,2023,Porter Moser,217_Porter_Moser
Oklahoma State,12,20,6.25,68,103.2,2023,Michael Boynton,218_Michael_Boynton
Old Dominion,7,25,-8.35,71.2,98.8,2023,Jeff Jones,219_Jeff_Jones
Omaha,15,18,-7.38,68,108,2023,Chris Crutchfield,221_Chris_Crutchfield
Oral Roberts,12,19,-7.43,68.6,106.2,2023,Russell Springmann,
Oregon ,24,12,12.22,68.3,109.6,2023,Dana Altman,
Oregon State,13,19,3.28,66.2,101.7,2023,Wayne Tinkle,
Pacific,6,26,-17.42,69.3,92.7,2023,Leonard Perry,225_Leonard_Perry
Penn State,16,17,9.22,70.2,106.1,2023,Mike Rhoades,333_Mike_Rhoades
Pennsylvania,11,18,-3.33,66.5,110.1,2023,Steve Donahue,227_Steve_Donahue
Pepperdine,13,20,-2.14,68.4,106.4,2023,Lorenzo Romar,228_Lorenzo_Romar
Pittsburgh,22,11,14.89,67,112.9,2023,Jeff Capel III *,229_Jeff_Capel_III_*
Portland,12,21,-8.2,69,103.3,2023,Shantay Legans,230_Shantay_Legans
Portland State,17,15,-7.15,69.4,102.8,2023,Jase Coburn,231_Jase_Coburn
Prairie View,10,21,-15.41,72.8,96.4,2023,Byron Smith,232_Byron_Smith
Presbyterian,14,19,-8.13,68.9,107.7,2023,Quinton Ferrell,233_Quinton_Ferrell
Princeton,24,5,6.55,65.8,117.1,2023,Mitch Henderson,234_Mitch_Henderson
Providence,21,14,12.56,68.4,104.7,2023,Kim English,95_Kim_English
Purdue ,34,5,24.93,68.3,119.5,2023,Matt Painter,236_Matt_Painter
Purdue Fort Wayne,23,13,-0.74,72.3,110.1,2023,Jon Coffman,237_Jon_Coffman
Queens (NC),14,19,-8.75,73.6,108.7,2023,Grant Leonard,
Quinnipiac,24,10,-3.08,71.9,107.2,2023,Tom Pecora,
Radford,16,17,-5.66,65.3,109.1,2023,Darris Nichols,239_Darris_Nichols
Rhode Island,12,20,-2.26,69,105.2,2023,Archie Miller,240_Archie_Miller
Rice,11,21,-3.22,67.5,105.4,2023,Scott Pera,241_Scott_Pera
Richmond,23,10,7.67,67.4,106.2,2023,Chris Mooney,242_Chris_Mooney
Rider,15,17,-5.73,69.1,103.2,2023,Kevin Baggett,243_Kevin_Baggett
Robert Morris,10,22,-9.57,68.7,104.1,2023,Andrew Toole,244_Andrew_Toole
Rutgers,15,17,7.41,68.6,95,2023,Steve Pikiell,245_Steve_Pikiell
Sacramento State,10,24,-10.87,65.5,102.4,2023,David Patrick,249_David_Patrick
Sacred Heart,16,16,-9.91,70.3,105.4,2023,Anthony Latina,250_Anthony_Latina
Saint Francis (PA),8,22,-18.6,66.7,97.3,2023,Rob Krimmel,
Saint Joseph's,21,14,6.59,68.6,109.2,2023,Billy Lange,251_Billy_Lange
Saint Louis,13,20,-1.57,69.8,107.4,2023,Travis Ford,252_Travis_Ford
Saint Mary's (CA) ,26,8,16.31,63.8,115.2,2023,Randy Bennett,253_Randy_Bennett
Saint Peter's ,19,14,-4.58,65.4,98.8,2023,Bashir Mason,341_Bashir_Mason
Sam Houston,21,12,-0.37,69.4,103.2,2023,Chris Mudge,
Samford ,29,6,6.32,74.4,115.7,2023,Bucky McMillan,256_Bucky_McMillan
San Diego,18,15,-5.31,72,100.7,2023,Steve Lavin,258_Steve_Lavin
San Diego State ,26,11,14.68,67,108.7,2023,Brian Dutcher,257_Brian_Dutcher
San Francisco,23,11,9.68,68.5,112.7,2023,Chris Gerlufsen,259_Chris_Gerlufsen
San Jose State,9,23,-3.82,66.4,104,2023,Tim Miles,260_Tim_Miles
Santa Clara,20,13,5.39,69.8,109.8,2023,Herb Sendek,261_Herb_Sendek
Seattle,23,14,4.03,68.6,105.5,2023,Chris Victor,262_Chris_Victor
Seton Hall,25,12,12.67,67.4,108.1,2023,Shaheen Holloway,254_Shaheen_Holloway
Siena,4,28,-19.2,67.1,90,2023,Carmen Maciariello,264_Carmen_Maciariello
South Alabama,16,16,-5.92,70.2,103.8,2023,Richie Riley,265_Richie_Riley
South Carolina ,26,8,10.98,64.8,110.4,2023,Lamont Paris,49_Lamont_Paris
South Carolina State,14,18,-11.85,70.3,99,2023,Erik Martin,267_Erik_Martin
South Carolina Upstate,10,20,-9.36,68.4,102.4,2023,Dave Dickerson,268_Dave_Dickerson
South Dakota,12,20,-12.55,69.8,107.3,2023,Eric Peterson,269_Eric_Peterson
South Dakota State ,22,13,0.52,68.6,110.7,2023,Eric Henderson,270_Eric_Henderson
South Florida,25,8,7.37,69,109.8,2023,Amir Abdur-Rahim,133_Amir_Abdur-Rahim
Southeast Missouri State,9,22,-18.25,70.4,94.8,2023,Brad Korn,272_Brad_Korn
Southeastern Louisiana,15,17,-11.31,66.9,102.3,2023,David Kiefer,246_David_Kiefer
Southern,18,14,-8.74,70.7,99.8,2023,Kevin Johnson,
Southern California,15,18,9.36,69.7,104.8,2023,Andy Enfield,
Southern Illinois,19,13,4.1,65.4,109.3,2023,Bryan Mullins,273_Bryan_Mullins
SIU Edwardsville,17,16,-9.08,67.7,105.6,2023,Brian Barone,247_Brian_Barone
Southern Indiana,8,24,-13.63,69.7,98.1,2023,Stan Gouard,365_Stan_Gouard
Southern Methodist,20,13,10.22,68.6,111.5,2023,Rob Lanier,100_Rob_Lanier
Southern Mississippi,16,16,-5.93,69.5,100.6,2023,Jay Ladner,275_Jay_Ladner
Southern Utah,10,21,-5.72,71.4,104.6,2023,Rob Jeter,349_Rob_Jeter
St. Bonaventure,20,13,6.77,66,110,2023,Mark Schmidt,277_Mark_Schmidt
St. John's (NY),20,13,16.49,69.6,113.3,2023,Rick Pitino *,123_Rick_Pitino_*
St. Thomas,20,13,-0.92,63.9,113.4,2023,John Tauer,280_John_Tauer
Stanford,14,18,7.35,70.9,106.1,2023,Jerod Haase,
Stephen F. Austin,18,15,-0.95,71.5,102.4,2023,Kyle Keller *,282_Kyle_Keller_*
Stetson ,22,13,-5.09,67.5,113.4,2023,Donnie Jones *,283_Donnie_Jones_*
Stonehill,4,27,-20.1,69.2,91.4,2023,Chris Kraus,284_Chris_Kraus
Stony Brook,20,15,-2.59,67.5,106.6,2023,Geno Ford,285_Geno_Ford
Syracuse,20,12,8.53,72.1,105.9,2023,Adrian Autry,
Tarleton State,25,10,1.4,68.4,108,2023,Billy Gillispie,288_Billy_Gillispie
TCU ,21,13,14.62,70.6,110.3,2023,Jamie Dixon,287_Jamie_Dixon
Temple,16,20,-1.26,68,102.1,2023,Adam Fisher,
Tennessee ,27,9,21.81,70.3,112.1,2023,Rick Barnes,292_Rick_Barnes
Tennessee State,18,15,-9.64,69.8,103.8,2023,Brian Collins,290_Brian_Collins
Tennessee Tech,10,21,-15.04,67.6,98.9,2023,John Pelphrey,291_John_Pelphrey
Tennessee-Martin,21,11,-5.57,74.5,108.6,2023,Ryan Ridder,325_Ryan_Ridder
Texas ,21,13,15.91,68.2,110.1,2023,Rodney Terry,295_Chris_Beard
Texas A&M ,21,15,13.35,67.8,111.4,2023,Buzz Williams,293_Buzz_Williams
Texas A&M-Corpus Christi,21,12,-4.45,71.2,105.2,2023,Jim Shaw,
Texas Southern,16,17,-9.09,69.5,100.5,2023,Johnny Jones,296_Johnny_Jones
Texas State,17,18,-3.71,68.4,101.4,2023,Terrence Johnson,297_Terrence_Johnson
Texas Tech ,23,11,14.96,67.2,111.7,2023,Grant McCasland,204_Grant_McCasland
Texas-Rio Grande Valley,6,25,-13.39,73.5,95,2023,Matt Figger,326_Matt_Figger
The Citadel,11,21,-6.53,67,105,2023,Ed Conroy,299_Ed_Conroy
Toledo,20,12,1.78,70.2,113,2023,Tod Kowalczyk,300_Tod_Kowalczyk
Towson,20,14,0.19,63.2,105.6,2023,Pat Skerry,301_Pat_Skerry
Troy,20,12,1.24,71.2,110,2023,Scott Cross,302_Scott_Cross
Tulane,14,17,3.65,73.4,109.8,2023,Ron Hunter,303_Ron_Hunter
Tulsa,16,15,-1.2,71.4,103.8,2023,Eric Konkol,149_Eric_Konkol
UAB ,23,12,5.14,68.7,111.2,2023,Andy Kennedy,305_Andy_Kennedy
UC Davis,20,13,-1.33,68.1,103.8,2023,Jim Les,307_Jim_Les
UC Irvine,24,10,6.89,69.7,110.5,2023,Russ Turner,308_Russ_Turner
UC Riverside,16,18,-4.26,67.7,104,2023,Mike Magpayo,309_Mike_Magpayo
UC San Diego,21,12,2.04,66.9,113.3,2023,Eric Olen,310_Eric_Olen
UC Santa Barbara,16,15,-3.19,69,108.4,2023,Joe Pasternack,311_Joe_Pasternack
UCF,17,16,11.92,69.3,103,2023,Johnny Dawkins Jr,312_Johnny_Dawkins_Jr
UCLA,16,17,7.5,64.8,101.9,2023,Mick Cronin,
UNC Asheville,22,12,-1.92,70.3,111,2023,Mike Morrell,319_Mike_Morrell
UNC Greensboro,21,11,-0.27,66.9,112.2,2023,Mike Jones,320_Mike_Jones
UNC Wilmington,21,10,1.21,66.6,117.3,2023,Takayo Siddle,321_Takayo_Siddle
UT Arlington,20,14,2.38,71.9,106.5,2023,KT Turner,
Utah,22,15,15,70.9,110,2023,Craig Smith,
Utah State ,28,7,11.56,69.3,113.4,2023,Danny Sprinkle,180_Danny_Sprinkle
Utah Tech,11,20,-8.08,71.9,97.7,2023,Jon Judkins,330_Jon_Judkins
Utah Valley,16,16,-1.33,69.2,98.6,2023,Todd Phillips,
UTEP,18,16,-1.49,71.4,101,2023,Joe Golding,327_Joe_Golding
UTSA,11,21,-5.26,71.3,107.2,2023,Steve Henson,328_Steve_Henson
Valparaiso,7,25,-8.25,69.3,97.6,2023,Roger Powell Jr.,
Vanderbilt,9,23,0.19,67.8,99.7,2023,Jerry Stackhouse,336_Jerry_Stackhouse
Vermont ,28,7,2.78,65.4,109.1,2023,John Becker,337_John_Becker
Villanova,18,16,14.44,64.3,106.9,2023,Kyle Neptune *,91_Kyle_Neptune
Virginia ,23,11,10.45,61.2,101.7,2023,Tony Bennett,339_Tony_Bennett
Virginia Commonwealth,24,14,8.7,66.2,106.5,2023,Ryan Odom,329_Ryan_Odom
VMI,4,28,-20.65,74.6,92,2023,Andrew Wilson,334_Andrew_Wilson
Virginia Tech,19,15,11.91,68.1,110,2023,Mike Young,340_Mike_Young
Wagner ,17,16,-10.64,63,100,2023,Donald Copeland,341_Donald_Copeland
Wake Forest,21,14,14.94,68.8,112.6,2023,Steve Forbes,342_Steve_Forbes
Washington,17,15,11.85,72,109.8,2023,Mike Hopkins,
Washington State ,25,10,14.02,66.4,109.9,2023,Kyle Smith,
Weber State,20,12,-0.49,66.8,112,2023,Eric Duft,345_Eric_Duft
West Virginia,9,23,3.73,68.7,100.8,2023,Josh Eilert,
Western Carolina,22,10,1.96,68.6,110.7,2023,Justin Gray,348_Justin_Gray
Western Illinois,21,12,-8.75,66.9,102.1,2023,Chad Boudreau,
Western Kentucky ,22,12,1.19,76,105.6,2023,Steve Lutz,294_Steve_Lutz
Western Michigan,12,20,-9.3,68.6,102.7,2023,Dwayne Stephens,351_Dwayne_Stephens
Wichita State,15,19,2.02,69.5,104,2023,Paul Mills,222_Paul_Mills
William & Mary,10,23,-11.33,66.7,104.4,2023,Dane Fischer,353_Dane_Fischer
Winthrop,17,15,-1.97,68.3,110.7,2023,Mark Prosser,354_Mark_Prosser
Wisconsin ,22,14,16.01,66,112,2023,Greg Gard,355_Greg_Gard
Wofford,17,15,-3.87,67.5,108.7,2023,Dwight Perry,356_Jay_McAuley
Wright State,18,14,-0.22,72.6,117.7,2023,Scott Nagy,357_Scott_Nagy
Wyoming,15,17,0.54,67.9,106.4,2023,Jeff Linder,358_Jeff_Linder
Xavier,16,18,12.23,71.5,106.1,2023,Sean Miller *,359_Sean_Miller_*
Yale ,23,10,4.63,66.1,111.2,2023,James Jones,360_James_Jones
Youngstown State,22,10,0.97,70.8,113.8,2023,Jerrod Calhoun,361_Jerrod_Calhoun